Mes, Año de Año;Dep;Regimen;Afiliados;Cobertura;Contributivo;Excepción & Especiales;Personas;Poblacion DANE;PPNA;Sisbén 1;Sisbén 2;Subsidiado
diciembre 2019;Boyacá;Excepción;38;;0;38;38;0;0;0;0;0
diciembre 2019;Boyacá;Poblacion;0;0;0;0;2495;2495;0;0;0;0
diciembre 2019;Boyacá;Sisben II;0;;0;0;0;0;0;0;0;0
diciembre 2019;Boyacá;Sisben I;0;;0;0;0;0;0;0;0;0
diciembre 2019;Boyacá;Contributivo;98;;98;0;98;0;0;0;0;0
diciembre 2019;Boyacá;PPNA;0;;0;0;0;0;0;0;0;0
diciembre 2019;Boyacá;Subsidiado;1659;;0;0;1659;0;0;0;0;1659
diciembre 2019;Boyacá;Excepción;3497;;0;3497;3497;0;0;0;0;0
diciembre 2019;Boyacá;Poblacion;0;0;0;0;114413;114413;0;0;0;0
diciembre 2019;Boyacá;Sisben II;0;;0;0;0;0;0;0;0;0
diciembre 2019;Boyacá;Sisben I;0;;0;0;0;0;0;0;0;0
diciembre 2019;Boyacá;Contributivo;78590;;78590;0;78590;0;0;0;0;0
diciembre 2019;Boyacá;PPNA;0;;0;0;0;0;0;0;0;0
diciembre 2019;Boyacá;Subsidiado;45593;;0;0;45593;0;0;0;0;45593
diciembre 2019;Boyacá;Excepción;11;;0;11;11;0;0;0;0;0
diciembre 2019;Boyacá;Poblacion;0;0;0;0;1758;1758;0;0;0;0
diciembre 2019;Boyacá;Sisben II;0;;0;0;0;0;0;0;0;0
diciembre 2019;Boyacá;Sisben I;0;;0;0;0;0;0;0;0;0
diciembre 2019;Boyacá;Contributivo;105;;105;0;105;0;0;0;0;0
diciembre 2019;Boyacá;PPNA;0;;0;0;0;0;0;0;0;0
diciembre 2019;Boyacá;Subsidiado;1568;;0;0;1568;0;0;0;0;1568
diciembre 2019;Boyacá;Excepción;59;;0;59;59;0;0;0;0;0
diciembre 2019;Boyacá;Poblacion;0;0;0;0;8964,000000000;8964,000000000;0;0;0;0
diciembre 2019;Boyacá;Sisben II;0;;0;0;0;0;0;0;0;0
diciembre 2019;Boyacá;Sisben I;0;;0;0;0;0;0;0;0;0
diciembre 2019;Boyacá;Contributivo;406;;406;0;406;0;0;0;0;0
diciembre 2019;Boyacá;PPNA;0;;0;0;0;0;0;0;0;0
diciembre 2019;Boyacá;Subsidiado;6499;;0;0;6499;0;0;0;0;6499
diciembre 2019;Boyacá;Excepción;9;;0;9;9;0;0;0;0;0
diciembre 2019;Boyacá;Poblacion;0;0;0;0;1288;1288;0;0;0;0
diciembre 2019;Boyacá;Sisben II;0;;0;0;0;0;0;0;0;0
diciembre 2019;Boyacá;Sisben I;0;;0;0;0;0;0;0;0;0
diciembre 2019;Boyacá;Contributivo;85;;85;0;85;0;0;0;0;0
diciembre 2019;Boyacá;PPNA;0;;0;0;0;0;0;0;0;0
diciembre 2019;Boyacá;Subsidiado;432;;0;0;432;0;0;0;0;432
diciembre 2019;Boyacá;Excepción;191;;0;191;191;0;0;0;0;0
diciembre 2019;Boyacá;Poblacion;0;0;0;0;6924;6924;0;0;0;0
diciembre 2019;Boyacá;Sisben II;0;;0;0;0;0;0;0;0;0
diciembre 2019;Boyacá;Sisben I;0;;0;0;0;0;0;0;0;0
diciembre 2019;Boyacá;Contributivo;4014;;4014;0;4014;0;0;0;0;0
diciembre 2019;Boyacá;PPNA;0;;0;0;0;0;0;0;0;0
diciembre 2019;Boyacá;Subsidiado;3183;;0;0;3183;0;0;0;0;3183
diciembre 2019;Boyacá;Excepción;70;;0;70;70;0;0;0;0;0
diciembre 2019;Boyacá;Poblacion;0;0;0;0;4443,000000000;4443,000000000;0;0;0;0
diciembre 2019;Boyacá;Sisben II;0;;0;0;0;0;0;0;0;0
diciembre 2019;Boyacá;Sisben I;0;;0;0;0;0;0;0;0;0
diciembre 2019;Boyacá;Contributivo;1795;;1795;0;1795;0;0;0;0;0
diciembre 2019;Boyacá;PPNA;0;;0;0;0;0;0;0;0;0
diciembre 2019;Boyacá;Subsidiado;1543;;0;0;1543;0;0;0;0;1543
diciembre 2019;Boyacá;Excepción;16;;0;16;16;0;0;0;0;0
diciembre 2019;Boyacá;Poblacion;0;0;0;0;1934;1934;0;0;0;0
diciembre 2019;Boyacá;Sisben II;0;;0;0;0;0;0;0;0;0
diciembre 2019;Boyacá;Sisben I;0;;0;0;0;0;0;0;0;0
diciembre 2019;Boyacá;Contributivo;63;;63;0;63;0;0;0;0;0
diciembre 2019;Boyacá;PPNA;0;;0;0;0;0;0;0;0;0
diciembre 2019;Boyacá;Subsidiado;1249;;0;0;1249;0;0;0;0;1249
diciembre 2019;Boyacá;Excepción;13;;0;13;13;0;0;0;0;0
diciembre 2019;Boyacá;Poblacion;0;0;0;0;1941;1941;0;0;0;0
diciembre 2019;Boyacá;Sisben II;0;;0;0;0;0;0;0;0;0
diciembre 2019;Boyacá;Sisben I;0;;0;0;0;0;0;0;0;0
diciembre 2019;Boyacá;Contributivo;106;;106;0;106;0;0;0;0;0
diciembre 2019;Boyacá;PPNA;0;;0;0;0;0;0;0;0;0
diciembre 2019;Boyacá;Subsidiado;1190;;0;0;1190;0;0;0;0;1190
diciembre 2019;Boyacá;Excepción;39;;0;39;39;0;0;0;0;0
diciembre 2019;Boyacá;Poblacion;0;0;0;0;13402;13402;0;0;0;0
diciembre 2019;Boyacá;Sisben II;0;;0;0;0;0;0;0;0;0
diciembre 2019;Boyacá;Sisben I;0;;0;0;0;0;0;0;0;0
diciembre 2019;Boyacá;Contributivo;1547;;1547;0;1547;0;0;0;0;0
diciembre 2019;Boyacá;PPNA;0;;0;0;0;0;0;0;0;0
diciembre 2019;Boyacá;Subsidiado;4985;;0;0;4985;0;0;0;0;4985
diciembre 2019;Boyacá;Excepción;60;;0;60;60;0;0;0;0;0
diciembre 2019;Boyacá;Poblacion;0;0;0;0;6117;6117;0;0;0;0
diciembre 2019;Boyacá;Sisben II;0;;0;0;0;0;0;0;0;0
diciembre 2019;Boyacá;Sisben I;0;;0;0;0;0;0;0;0;0
diciembre 2019;Boyacá;Contributivo;1808;;1808;0;1808;0;0;0;0;0
diciembre 2019;Boyacá;PPNA;0;;0;0;0;0;0;0;0;0
diciembre 2019;Boyacá;Subsidiado;2708;;0;0;2708;0;0;0;0;2708
diciembre 2019;Boyacá;Excepción;33;;0;33;33;0;0;0;0;0
diciembre 2019;Boyacá;Poblacion;0;0;0;0;3455;3455;0;0;0;0
diciembre 2019;Boyacá;Sisben II;0;;0;0;0;0;0;0;0;0
diciembre 2019;Boyacá;Sisben I;0;;0;0;0;0;0;0;0;0
diciembre 2019;Boyacá;Contributivo;180;;180;0;180;0;0;0;0;0
diciembre 2019;Boyacá;PPNA;0;;0;0;0;0;0;0;0;0
diciembre 2019;Boyacá;Subsidiado;2543;;0;0;2543;0;0;0;0;2543
diciembre 2019;Boyacá;Excepción;99;;0;99;99;0;0;0;0;0
diciembre 2019;Boyacá;Poblacion;0;0;0;0;10337;10337;0;0;0;0
diciembre 2019;Boyacá;Sisben II;0;;0;0;0;0;0;0;0;0
diciembre 2019;Boyacá;Sisben I;0;;0;0;0;0;0;0;0;0
diciembre 2019;Boyacá;Contributivo;307;;307;0;307;0;0;0;0;0
diciembre 2019;Boyacá;PPNA;0;;0;0;0;0;0;0;0;0
diciembre 2019;Boyacá;Subsidiado;5392;;0;0;5392;0;0;0;0;5392
diciembre 2019;Boyacá;Excepción;151;;0;151;151;0;0;0;0;0
diciembre 2019;Boyacá;Poblacion;0;0;0;0;6506;6506;0;0;0;0
diciembre 2019;Boyacá;Sisben II;0;;0;0;0;0;0;0;0;0
diciembre 2019;Boyacá;Sisben I;0;;0;0;0;0;0;0;0;0
diciembre 2019;Boyacá;Contributivo;461;;461;0;461;0;0;0;0;0
diciembre 2019;Boyacá;PPNA;0;;0;0;0;0;0;0;0;0
diciembre 2019;Boyacá;Subsidiado;3512;;0;0;3512;0;0;0;0;3512
diciembre 2019;Boyacá;Excepción;29;;0;29;29;0;0;0;0;0
diciembre 2019;Boyacá;Poblacion;0;0;0;0;4522,000000000;4522,000000000;0;0;0;0
diciembre 2019;Boyacá;Sisben II;0;;0;0;0;0;0;0;0;0
diciembre 2019;Boyacá;Sisben I;0;;0;0;0;0;0;0;0;0
diciembre 2019;Boyacá;Contributivo;397;;397;0;397;0;0;0;0;0
diciembre 2019;Boyacá;PPNA;0;;0;0;0;0;0;0;0;0
diciembre 2019;Boyacá;Subsidiado;1789;;0;0;1789;0;0;0;0;1789
diciembre 2019;Boyacá;Excepción;64;;0;64;64;0;0;0;0;0
diciembre 2019;Boyacá;Poblacion;0;0;0;0;9961,000000000;9961,000000000;0;0;0;0
diciembre 2019;Boyacá;Sisben II;0;;0;0;0;0;0;0;0;0
diciembre 2019;Boyacá;Sisben I;0;;0;0;0;0;0;0;0;0
diciembre 2019;Boyacá;Contributivo;1796;;1796;0;1796;0;0;0;0;0
diciembre 2019;Boyacá;PPNA;0;;0;0;0;0;0;0;0;0
diciembre 2019;Boyacá;Subsidiado;6532;;0;0;6532;0;0;0;0;6532
diciembre 2019;Boyacá;Excepción;47;;0;47;47;0;0;0;0;0
diciembre 2019;Boyacá;Poblacion;0;0;0;0;4226;4226;0;0;0;0
diciembre 2019;Boyacá;Sisben II;0;;0;0;0;0;0;0;0;0
diciembre 2019;Boyacá;Sisben I;0;;0;0;0;0;0;0;0;0
diciembre 2019;Boyacá;Contributivo;268;;268;0;268;0;0;0;0;0
diciembre 2019;Boyacá;PPNA;0;;0;0;0;0;0;0;0;0
diciembre 2019;Boyacá;Subsidiado;1801;;0;0;1801;0;0;0;0;1801
diciembre 2019;Boyacá;Excepción;102;;0;102;102;0;0;0;0;0
diciembre 2019;Boyacá;Poblacion;0;0;0;0;5085,000000000;5085,000000000;0;0;0;0
diciembre 2019;Boyacá;Sisben II;0;;0;0;0;0;0;0;0;0
diciembre 2019;Boyacá;Sisben I;0;;0;0;0;0;0;0;0;0
diciembre 2019;Boyacá;Contributivo;575;;575;0;575;0;0;0;0;0
diciembre 2019;Boyacá;PPNA;0;;0;0;0;0;0;0;0;0
diciembre 2019;Boyacá;Subsidiado;3242;;0;0;3242;0;0;0;0;3242
diciembre 2019;Boyacá;Excepción;453;;0;453;453;0;0;0;0;0
diciembre 2019;Boyacá;Poblacion;0;0;0;0;9360;9360;0;0;0;0
diciembre 2019;Boyacá;Sisben II;0;;0;0;0;0;0;0;0;0
diciembre 2019;Boyacá;Sisben I;0;;0;0;0;0;0;0;0;0
diciembre 2019;Boyacá;Contributivo;3764;;3764;0;3764;0;0;0;0;0
diciembre 2019;Boyacá;PPNA;0;;0;0;0;0;0;0;0;0
diciembre 2019;Boyacá;Subsidiado;4521;;0;0;4521;0;0;0;0;4521
diciembre 2019;Boyacá;Excepción;2;;0;2;2;0;0;0;0;0
diciembre 2019;Boyacá;Poblacion;0;0;0;0;16612,000000000;16612,000000000;0;0;0;0
diciembre 2019;Boyacá;Sisben II;0;;0;0;0;0;0;0;0;0
diciembre 2019;Boyacá;Sisben I;0;;0;0;0;0;0;0;0;0
diciembre 2019;Boyacá;Contributivo;3840;;3840;0;3840;0;0;0;0;0
diciembre 2019;Boyacá;PPNA;0;;0;0;0;0;0;0;0;0
diciembre 2019;Boyacá;Subsidiado;5286;;0;0;5286;0;0;0;0;5286
diciembre 2019;Boyacá;Excepción;13;;0;13;13;0;0;0;0;0
diciembre 2019;Boyacá;Poblacion;0;0;0;0;2497,000000000;2497,000000000;0;0;0;0
diciembre 2019;Boyacá;Sisben II;0;;0;0;0;0;0;0;0;0
diciembre 2019;Boyacá;Sisben I;0;;0;0;0;0;0;0;0;0
diciembre 2019;Boyacá;Contributivo;164;;164;0;164;0;0;0;0;0
diciembre 2019;Boyacá;PPNA;0;;0;0;0;0;0;0;0;0
diciembre 2019;Boyacá;Subsidiado;2225;;0;0;2225;0;0;0;0;2225
diciembre 2019;Boyacá;Excepción;32;;0;32;32;0;0;0;0;0
diciembre 2019;Boyacá;Poblacion;0;0;0;0;4982;4982;0;0;0;0
diciembre 2019;Boyacá;Sisben II;0;;0;0;0;0;0;0;0;0
diciembre 2019;Boyacá;Sisben I;0;;0;0;0;0;0;0;0;0
diciembre 2019;Boyacá;Contributivo;804;;804;0;804;0;0;0;0;0
diciembre 2019;Boyacá;PPNA;0;;0;0;0;0;0;0;0;0
diciembre 2019;Boyacá;Subsidiado;2467;;0;0;2467;0;0;0;0;2467
diciembre 2019;Boyacá;Excepción;7;;0;7;7;0;0;0;0;0
diciembre 2019;Boyacá;Poblacion;0;0;0;0;1887,000000000;1887,000000000;0;0;0;0
diciembre 2019;Boyacá;Sisben II;0;;0;0;0;0;0;0;0;0
diciembre 2019;Boyacá;Sisben I;0;;0;0;0;0;0;0;0;0
diciembre 2019;Boyacá;Contributivo;268;;268;0;268;0;0;0;0;0
diciembre 2019;Boyacá;PPNA;0;;0;0;0;0;0;0;0;0
diciembre 2019;Boyacá;Subsidiado;1025;;0;0;1025;0;0;0;0;1025
diciembre 2019;Boyacá;Excepción;31;;0;31;31;0;0;0;0;0
diciembre 2019;Boyacá;Poblacion;0;0;0;0;5738,000000000;5738,000000000;0;0;0;0
diciembre 2019;Boyacá;Sisben II;0;;0;0;0;0;0;0;0;0
diciembre 2019;Boyacá;Sisben I;0;;0;0;0;0;0;0;0;0
diciembre 2019;Boyacá;Contributivo;206;;206;0;206;0;0;0;0;0
diciembre 2019;Boyacá;PPNA;0;;0;0;0;0;0;0;0;0
diciembre 2019;Boyacá;Subsidiado;3636;;0;0;3636;0;0;0;0;3636
diciembre 2019;Boyacá;Excepción;45;;0;45;45;0;0;0;0;0
diciembre 2019;Boyacá;Poblacion;0;0;0;0;3735;3735;0;0;0;0
diciembre 2019;Boyacá;Sisben II;0;;0;0;0;0;0;0;0;0
diciembre 2019;Boyacá;Sisben I;0;;0;0;0;0;0;0;0;0
diciembre 2019;Boyacá;Contributivo;190;;190;0;190;0;0;0;0;0
diciembre 2019;Boyacá;PPNA;0;;0;0;0;0;0;0;0;0
diciembre 2019;Boyacá;Subsidiado;2103;;0;0;2103;0;0;0;0;2103
diciembre 2019;Boyacá;Excepción;2;;0;2;2;0;0;0;0;0
diciembre 2019;Boyacá;Poblacion;0;0;0;0;4660;4660;0;0;0;0
diciembre 2019;Boyacá;Sisben II;0;;0;0;0;0;0;0;0;0
diciembre 2019;Boyacá;Sisben I;0;;0;0;0;0;0;0;0;0
diciembre 2019;Boyacá;Contributivo;191;;191;0;191;0;0;0;0;0
diciembre 2019;Boyacá;PPNA;0;;0;0;0;0;0;0;0;0
diciembre 2019;Boyacá;Subsidiado;2283;;0;0;2283;0;0;0;0;2283
diciembre 2019;Boyacá;Excepción;24;;0;24;24;0;0;0;0;0
diciembre 2019;Boyacá;Poblacion;0;0;0;0;4231;4231;0;0;0;0
diciembre 2019;Boyacá;Sisben II;0;;0;0;0;0;0;0;0;0
diciembre 2019;Boyacá;Sisben I;0;;0;0;0;0;0;0;0;0
diciembre 2019;Boyacá;Contributivo;512;;512;0;512;0;0;0;0;0
diciembre 2019;Boyacá;PPNA;0;;0;0;0;0;0;0;0;0
diciembre 2019;Boyacá;Subsidiado;3799;;0;0;3799;0;0;0;0;3799
diciembre 2019;Boyacá;Excepción;31;;0;31;31;0;0;0;0;0
diciembre 2019;Boyacá;Poblacion;0;0;0;0;1262;1262;0;0;0;0
diciembre 2019;Boyacá;Sisben II;0;;0;0;0;0;0;0;0;0
diciembre 2019;Boyacá;Sisben I;0;;0;0;0;0;0;0;0;0
diciembre 2019;Boyacá;Contributivo;109;;109;0;109;0;0;0;0;0
diciembre 2019;Boyacá;PPNA;0;;0;0;0;0;0;0;0;0
diciembre 2019;Boyacá;Subsidiado;1308;;0;0;1308;0;0;0;0;1308
diciembre 2019;Boyacá;Excepción;17;;0;17;17;0;0;0;0;0
diciembre 2019;Boyacá;Poblacion;0;0;0;0;1673;1673;0;0;0;0
diciembre 2019;Boyacá;Sisben II;0;;0;0;0;0;0;0;0;0
diciembre 2019;Boyacá;Sisben I;0;;0;0;0;0;0;0;0;0
diciembre 2019;Boyacá;Contributivo;62;;62;0;62;0;0;0;0;0
diciembre 2019;Boyacá;PPNA;0;;0;0;0;0;0;0;0;0
diciembre 2019;Boyacá;Subsidiado;941;;0;0;941;0;0;0;0;941
diciembre 2019;Boyacá;Excepción;22;;0;22;22;0;0;0;0;0
diciembre 2019;Boyacá;Poblacion;0;0;0;0;4498,000000000;4498,000000000;0;0;0;0
diciembre 2019;Boyacá;Sisben II;0;;0;0;0;0;0;0;0;0
diciembre 2019;Boyacá;Sisben I;0;;0;0;0;0;0;0;0;0
diciembre 2019;Boyacá;Contributivo;222;;222;0;222;0;0;0;0;0
diciembre 2019;Boyacá;PPNA;0;;0;0;0;0;0;0;0;0
diciembre 2019;Boyacá;Subsidiado;3421;;0;0;3421;0;0;0;0;3421
diciembre 2019;Boyacá;Excepción;16;;0;16;16;0;0;0;0;0
diciembre 2019;Boyacá;Poblacion;0;0;0;0;3045,000000000;3045,000000000;0;0;0;0
diciembre 2019;Boyacá;Sisben II;0;;0;0;0;0;0;0;0;0
diciembre 2019;Boyacá;Sisben I;0;;0;0;0;0;0;0;0;0
diciembre 2019;Boyacá;Contributivo;217;;217;0;217;0;0;0;0;0
diciembre 2019;Boyacá;PPNA;0;;0;0;0;0;0;0;0;0
diciembre 2019;Boyacá;Subsidiado;1962;;0;0;1962;0;0;0;0;1962
diciembre 2019;Boyacá;Excepción;17;;0;17;17;0;0;0;0;0
diciembre 2019;Boyacá;Poblacion;0;0;0;0;2516;2516;0;0;0;0
diciembre 2019;Boyacá;Sisben II;0;;0;0;0;0;0;0;0;0
diciembre 2019;Boyacá;Sisben I;0;;0;0;0;0;0;0;0;0
diciembre 2019;Boyacá;Contributivo;92;;92;0;92;0;0;0;0;0
diciembre 2019;Boyacá;PPNA;0;;0;0;0;0;0;0;0;0
diciembre 2019;Boyacá;Subsidiado;1681;;0;0;1681;0;0;0;0;1681
diciembre 2019;Boyacá;Excepción;102;;0;102;102;0;0;0;0;0
diciembre 2019;Boyacá;Poblacion;0;0;0;0;8548,000000000;8548,000000000;0;0;0;0
diciembre 2019;Boyacá;Sisben II;0;;0;0;0;0;0;0;0;0
diciembre 2019;Boyacá;Sisben I;0;;0;0;0;0;0;0;0;0
diciembre 2019;Boyacá;Contributivo;1586;;1586;0;1586;0;0;0;0;0
diciembre 2019;Boyacá;PPNA;0;;0;0;0;0;0;0;0;0
diciembre 2019;Boyacá;Subsidiado;5997;;0;0;5997;0;0;0;0;5997
diciembre 2019;Boyacá;Excepción;127;;0;127;127;0;0;0;0;0
diciembre 2019;Boyacá;Poblacion;0;0;0;0;5662,000000000;5662,000000000;0;0;0;0
diciembre 2019;Boyacá;Sisben II;0;;0;0;0;0;0;0;0;0
diciembre 2019;Boyacá;Sisben I;0;;0;0;0;0;0;0;0;0
diciembre 2019;Boyacá;Contributivo;589;;589;0;589;0;0;0;0;0
diciembre 2019;Boyacá;PPNA;0;;0;0;0;0;0;0;0;0
diciembre 2019;Boyacá;Subsidiado;4698;;0;0;4698;0;0;0;0;4698
diciembre 2019;Boyacá;Excepción;18;;0;18;18;0;0;0;0;0
diciembre 2019;Boyacá;Poblacion;0;0;0;0;4818;4818;0;0;0;0
diciembre 2019;Boyacá;Sisben II;0;;0;0;0;0;0;0;0;0
diciembre 2019;Boyacá;Sisben I;0;;0;0;0;0;0;0;0;0
diciembre 2019;Boyacá;Contributivo;205;;205;0;205;0;0;0;0;0
diciembre 2019;Boyacá;PPNA;0;;0;0;0;0;0;0;0;0
diciembre 2019;Boyacá;Subsidiado;3742;;0;0;3742;0;0;0;0;3742
diciembre 2019;Boyacá;Excepción;523;;0;523;523;0;0;0;0;0
diciembre 2019;Boyacá;Poblacion;0;0;0;0;6541,000000000;6541,000000000;0;0;0;0
diciembre 2019;Boyacá;Sisben II;0;;0;0;0;0;0;0;0;0
diciembre 2019;Boyacá;Sisben I;0;;0;0;0;0;0;0;0;0
diciembre 2019;Boyacá;Contributivo;2819;;2819;0;2819;0;0;0;0;0
diciembre 2019;Boyacá;PPNA;0;;0;0;0;0;0;0;0;0
diciembre 2019;Boyacá;Subsidiado;5458;;0;0;5458;0;0;0;0;5458
diciembre 2019;Boyacá;Excepción;9;;0;9;9;0;0;0;0;0
diciembre 2019;Boyacá;Poblacion;0;0;0;0;2287;2287;0;0;0;0
diciembre 2019;Boyacá;Sisben II;0;;0;0;0;0;0;0;0;0
diciembre 2019;Boyacá;Sisben I;0;;0;0;0;0;0;0;0;0
diciembre 2019;Boyacá;Contributivo;139;;139;0;139;0;0;0;0;0
diciembre 2019;Boyacá;PPNA;0;;0;0;0;0;0;0;0;0
diciembre 2019;Boyacá;Subsidiado;1502;;0;0;1502;0;0;0;0;1502
diciembre 2019;Boyacá;Excepción;11;;0;11;11;0;0;0;0;0
diciembre 2019;Boyacá;Poblacion;0;0;0;0;2180,000000000;2180,000000000;0;0;0;0
diciembre 2019;Boyacá;Sisben II;0;;0;0;0;0;0;0;0;0
diciembre 2019;Boyacá;Sisben I;0;;0;0;0;0;0;0;0;0
diciembre 2019;Boyacá;Contributivo;662;;662;0;662;0;0;0;0;0
diciembre 2019;Boyacá;PPNA;0;;0;0;0;0;0;0;0;0
diciembre 2019;Boyacá;Subsidiado;1043;;0;0;1043;0;0;0;0;1043
diciembre 2019;Boyacá;Excepción;115;;0;115;115;0;0;0;0;0
diciembre 2019;Boyacá;Poblacion;0;0;0;0;6820;6820;0;0;0;0
diciembre 2019;Boyacá;Sisben II;0;;0;0;0;0;0;0;0;0
diciembre 2019;Boyacá;Sisben I;0;;0;0;0;0;0;0;0;0
diciembre 2019;Boyacá;Contributivo;1331;;1331;0;1331;0;0;0;0;0
diciembre 2019;Boyacá;PPNA;0;;0;0;0;0;0;0;0;0
diciembre 2019;Boyacá;Subsidiado;4854;;0;0;4854;0;0;0;0;4854
diciembre 2019;Boyacá;Excepción;25;;0;25;25;0;0;0;0;0
diciembre 2019;Boyacá;Poblacion;0;0;0;0;7224;7224;0;0;0;0
diciembre 2019;Boyacá;Sisben II;0;;0;0;0;0;0;0;0;0
diciembre 2019;Boyacá;Sisben I;0;;0;0;0;0;0;0;0;0
diciembre 2019;Boyacá;Contributivo;1243;;1243;0;1243;0;0;0;0;0
diciembre 2019;Boyacá;PPNA;0;;0;0;0;0;0;0;0;0
diciembre 2019;Boyacá;Subsidiado;4259;;0;0;4259;0;0;0;0;4259
diciembre 2019;Boyacá;Excepción;79;;0;79;79;0;0;0;0;0
diciembre 2019;Boyacá;Poblacion;0;0;0;0;7485,000000000;7485,000000000;0;0;0;0
diciembre 2019;Boyacá;Sisben II;0;;0;0;0;0;0;0;0;0
diciembre 2019;Boyacá;Sisben I;0;;0;0;0;0;0;0;0;0
diciembre 2019;Boyacá;Contributivo;468;;468;0;468;0;0;0;0;0
diciembre 2019;Boyacá;PPNA;0;;0;0;0;0;0;0;0;0
diciembre 2019;Boyacá;Subsidiado;3590;;0;0;3590;0;0;0;0;3590
diciembre 2019;Boyacá;Excepción;14;;0;14;14;0;0;0;0;0
diciembre 2019;Boyacá;Poblacion;0;0;0;0;6729,000000000;6729,000000000;0;0;0;0
diciembre 2019;Boyacá;Sisben II;0;;0;0;0;0;0;0;0;0
diciembre 2019;Boyacá;Sisben I;0;;0;0;0;0;0;0;0;0
diciembre 2019;Boyacá;Contributivo;296;;296;0;296;0;0;0;0;0
diciembre 2019;Boyacá;PPNA;0;;0;0;0;0;0;0;0;0
diciembre 2019;Boyacá;Subsidiado;4204;;0;0;4204;0;0;0;0;4204
diciembre 2019;Boyacá;Excepción;31;;0;31;31;0;0;0;0;0
diciembre 2019;Boyacá;Poblacion;0;0;0;0;1850;1850;0;0;0;0
diciembre 2019;Boyacá;Sisben II;0;;0;0;0;0;0;0;0;0
diciembre 2019;Boyacá;Sisben I;0;;0;0;0;0;0;0;0;0
diciembre 2019;Boyacá;Contributivo;116;;116;0;116;0;0;0;0;0
diciembre 2019;Boyacá;PPNA;0;;0;0;0;0;0;0;0;0
diciembre 2019;Boyacá;Subsidiado;1255;;0;0;1255;0;0;0;0;1255
diciembre 2019;Boyacá;Excepción;48;;0;48;48;0;0;0;0;0
diciembre 2019;Boyacá;Poblacion;0;0;0;0;5298;5298;0;0;0;0
diciembre 2019;Boyacá;Sisben II;0;;0;0;0;0;0;0;0;0
diciembre 2019;Boyacá;Sisben I;0;;0;0;0;0;0;0;0;0
diciembre 2019;Boyacá;Contributivo;170;;170;0;170;0;0;0;0;0
diciembre 2019;Boyacá;PPNA;0;;0;0;0;0;0;0;0;0
diciembre 2019;Boyacá;Subsidiado;4842;;0;0;4842;0;0;0;0;4842
diciembre 2019;Boyacá;Excepción;319;;0;319;319;0;0;0;0;0
diciembre 2019;Boyacá;Poblacion;0;0;0;0;9802,000000000;9802,000000000;0;0;0;0
diciembre 2019;Boyacá;Sisben II;0;;0;0;0;0;0;0;0;0
diciembre 2019;Boyacá;Sisben I;0;;0;0;0;0;0;0;0;0
diciembre 2019;Boyacá;Contributivo;2087;;2087;0;2087;0;0;0;0;0
diciembre 2019;Boyacá;PPNA;0;;0;0;0;0;0;0;0;0
diciembre 2019;Boyacá;Subsidiado;5252;;0;0;5252;0;0;0;0;5252
diciembre 2019;Boyacá;Excepción;157;;0;157;157;0;0;0;0;0
diciembre 2019;Boyacá;Poblacion;0;0;0;0;9679;9679;0;0;0;0
diciembre 2019;Boyacá;Sisben II;0;;0;0;0;0;0;0;0;0
diciembre 2019;Boyacá;Sisben I;0;;0;0;0;0;0;0;0;0
diciembre 2019;Boyacá;Contributivo;1776;;1776;0;1776;0;0;0;0;0
diciembre 2019;Boyacá;PPNA;0;;0;0;0;0;0;0;0;0
diciembre 2019;Boyacá;Subsidiado;7109;;0;0;7109;0;0;0;0;7109
diciembre 2019;Boyacá;Excepción;13;;0;13;13;0;0;0;0;0
diciembre 2019;Boyacá;Poblacion;0;0;0;0;3030;3030;0;0;0;0
diciembre 2019;Boyacá;Sisben II;0;;0;0;0;0;0;0;0;0
diciembre 2019;Boyacá;Sisben I;0;;0;0;0;0;0;0;0;0
diciembre 2019;Boyacá;Contributivo;176;;176;0;176;0;0;0;0;0
diciembre 2019;Boyacá;PPNA;0;;0;0;0;0;0;0;0;0
diciembre 2019;Boyacá;Subsidiado;2134;;0;0;2134;0;0;0;0;2134
diciembre 2019;Boyacá;Excepción;17;;0;17;17;0;0;0;0;0
diciembre 2019;Boyacá;Poblacion;0;0;0;0;2861;2861;0;0;0;0
diciembre 2019;Boyacá;Sisben II;0;;0;0;0;0;0;0;0;0
diciembre 2019;Boyacá;Sisben I;0;;0;0;0;0;0;0;0;0
diciembre 2019;Boyacá;Contributivo;130;;130;0;130;0;0;0;0;0
diciembre 2019;Boyacá;PPNA;0;;0;0;0;0;0;0;0;0
diciembre 2019;Boyacá;Subsidiado;1901;;0;0;1901;0;0;0;0;1901
diciembre 2019;Boyacá;Excepción;11;;0;11;11;0;0;0;0;0
diciembre 2019;Boyacá;Poblacion;0;0;0;0;4709,000000000;4709,000000000;0;0;0;0
diciembre 2019;Boyacá;Sisben II;0;;0;0;0;0;0;0;0;0
diciembre 2019;Boyacá;Sisben I;0;;0;0;0;0;0;0;0;0
diciembre 2019;Boyacá;Contributivo;324;;324;0;324;0;0;0;0;0
diciembre 2019;Boyacá;PPNA;0;;0;0;0;0;0;0;0;0
diciembre 2019;Boyacá;Subsidiado;2948;;0;0;2948;0;0;0;0;2948
diciembre 2019;Boyacá;Excepción;18;;0;18;18;0;0;0;0;0
diciembre 2019;Boyacá;Poblacion;0;0;0;0;3888;3888;0;0;0;0
diciembre 2019;Boyacá;Sisben II;0;;0;0;0;0;0;0;0;0
diciembre 2019;Boyacá;Sisben I;0;;0;0;0;0;0;0;0;0
diciembre 2019;Boyacá;Contributivo;491;;491;0;491;0;0;0;0;0
diciembre 2019;Boyacá;PPNA;0;;0;0;0;0;0;0;0;0
diciembre 2019;Boyacá;Subsidiado;2310;;0;0;2310;0;0;0;0;2310
diciembre 2019;Boyacá;Excepción;158;;0;158;158;0;0;0;0;0
diciembre 2019;Boyacá;Poblacion;0;0;0;0;7605,000000000;7605,000000000;0;0;0;0
diciembre 2019;Boyacá;Sisben II;0;;0;0;0;0;0;0;0;0
diciembre 2019;Boyacá;Sisben I;0;;0;0;0;0;0;0;0;0
diciembre 2019;Boyacá;Contributivo;861;;861;0;861;0;0;0;0;0
diciembre 2019;Boyacá;PPNA;0;;0;0;0;0;0;0;0;0
diciembre 2019;Boyacá;Subsidiado;6052;;0;0;6052;0;0;0;0;6052
diciembre 2019;Boyacá;Excepción;17;;0;17;17;0;0;0;0;0
diciembre 2019;Boyacá;Poblacion;0;0;0;0;1646;1646;0;0;0;0
diciembre 2019;Boyacá;Sisben II;0;;0;0;0;0;0;0;0;0
diciembre 2019;Boyacá;Sisben I;0;;0;0;0;0;0;0;0;0
diciembre 2019;Boyacá;Contributivo;164;;164;0;164;0;0;0;0;0
diciembre 2019;Boyacá;PPNA;0;;0;0;0;0;0;0;0;0
diciembre 2019;Boyacá;Subsidiado;1453;;0;0;1453;0;0;0;0;1453
diciembre 2019;Boyacá;Excepción;108;;0;108;108;0;0;0;0;0
diciembre 2019;Boyacá;Poblacion;0;0;0;0;10696;10696;0;0;0;0
diciembre 2019;Boyacá;Sisben II;0;;0;0;0;0;0;0;0;0
diciembre 2019;Boyacá;Sisben I;0;;0;0;0;0;0;0;0;0
diciembre 2019;Boyacá;Contributivo;1040;;1040;0;1040;0;0;0;0;0
diciembre 2019;Boyacá;PPNA;0;;0;0;0;0;0;0;0;0
diciembre 2019;Boyacá;Subsidiado;5603;;0;0;5603;0;0;0;0;5603
diciembre 2019;Boyacá;Excepción;28;;0;28;28;0;0;0;0;0
diciembre 2019;Boyacá;Poblacion;0;0;0;0;3342;3342;0;0;0;0
diciembre 2019;Boyacá;Sisben II;0;;0;0;0;0;0;0;0;0
diciembre 2019;Boyacá;Sisben I;0;;0;0;0;0;0;0;0;0
diciembre 2019;Boyacá;Contributivo;120;;120;0;120;0;0;0;0;0
diciembre 2019;Boyacá;PPNA;0;;0;0;0;0;0;0;0;0
diciembre 2019;Boyacá;Subsidiado;1605;;0;0;1605;0;0;0;0;1605
diciembre 2019;Boyacá;Excepción;17;;0;17;17;0;0;0;0;0
diciembre 2019;Boyacá;Poblacion;0;0;0;0;3691,000000000;3691,000000000;0;0;0;0
diciembre 2019;Boyacá;Sisben II;0;;0;0;0;0;0;0;0;0
diciembre 2019;Boyacá;Sisben I;0;;0;0;0;0;0;0;0;0
diciembre 2019;Boyacá;Contributivo;746;;746;0;746;0;0;0;0;0
diciembre 2019;Boyacá;PPNA;0;;0;0;0;0;0;0;0;0
diciembre 2019;Boyacá;Subsidiado;1870;;0;0;1870;0;0;0;0;1870
diciembre 2019;Boyacá;Excepción;43;;0;43;43;0;0;0;0;0
diciembre 2019;Boyacá;Poblacion;0;0;0;0;7293,000000000;7293,000000000;0;0;0;0
diciembre 2019;Boyacá;Sisben II;0;;0;0;0;0;0;0;0;0
diciembre 2019;Boyacá;Sisben I;0;;0;0;0;0;0;0;0;0
diciembre 2019;Boyacá;Contributivo;219;;219;0;219;0;0;0;0;0
diciembre 2019;Boyacá;PPNA;0;;0;0;0;0;0;0;0;0
diciembre 2019;Boyacá;Subsidiado;4448;;0;0;4448;0;0;0;0;4448
diciembre 2019;Boyacá;Excepción;33;;0;33;33;0;0;0;0;0
diciembre 2019;Boyacá;Poblacion;0;0;0;0;3751;3751;0;0;0;0
diciembre 2019;Boyacá;Sisben II;0;;0;0;0;0;0;0;0;0
diciembre 2019;Boyacá;Sisben I;0;;0;0;0;0;0;0;0;0
diciembre 2019;Boyacá;Contributivo;459;;459;0;459;0;0;0;0;0
diciembre 2019;Boyacá;PPNA;0;;0;0;0;0;0;0;0;0
diciembre 2019;Boyacá;Subsidiado;2711;;0;0;2711;0;0;0;0;2711
diciembre 2019;Boyacá;Excepción;578;;0;578;578;0;0;0;0;0
diciembre 2019;Boyacá;Poblacion;0;0;0;0;21182,000000000;21182,000000000;0;0;0;0
diciembre 2019;Boyacá;Sisben II;0;;0;0;0;0;0;0;0;0
diciembre 2019;Boyacá;Sisben I;0;;0;0;0;0;0;0;0;0
diciembre 2019;Boyacá;Contributivo;6842;;6842;0;6842;0;0;0;0;0
diciembre 2019;Boyacá;PPNA;0;;0;0;0;0;0;0;0;0
diciembre 2019;Boyacá;Subsidiado;14811;;0;0;14811;0;0;0;0;14811
diciembre 2019;Boyacá;Excepción;1941;;0;1941;1941;0;0;0;0;0
diciembre 2019;Boyacá;Poblacion;0;0;0;0;69121,000000000;69121,000000000;0;0;0;0
diciembre 2019;Boyacá;Sisben II;0;;0;0;0;0;0;0;0;0
diciembre 2019;Boyacá;Sisben I;0;;0;0;0;0;0;0;0;0
diciembre 2019;Boyacá;Contributivo;27768;;27768;0;27768;0;0;0;0;0
diciembre 2019;Boyacá;PPNA;0;;0;0;0;0;0;0;0;0
diciembre 2019;Boyacá;Subsidiado;29452;;0;0;29452;0;0;0;0;29452
diciembre 2019;Boyacá;Excepción;19;;0;19;19;0;0;0;0;0
diciembre 2019;Boyacá;Poblacion;0;0;0;0;4955,000000000;4955,000000000;0;0;0;0
diciembre 2019;Boyacá;Sisben II;0;;0;0;0;0;0;0;0;0
diciembre 2019;Boyacá;Sisben I;0;;0;0;0;0;0;0;0;0
diciembre 2019;Boyacá;Contributivo;247;;247;0;247;0;0;0;0;0
diciembre 2019;Boyacá;PPNA;0;;0;0;0;0;0;0;0;0
diciembre 2019;Boyacá;Subsidiado;3912;;0;0;3912;0;0;0;0;3912
diciembre 2019;Boyacá;Excepción;55;;0;55;55;0;0;0;0;0
diciembre 2019;Boyacá;Poblacion;0;0;0;0;10341;10341;0;0;0;0
diciembre 2019;Boyacá;Sisben II;0;;0;0;0;0;0;0;0;0
diciembre 2019;Boyacá;Sisben I;0;;0;0;0;0;0;0;0;0
diciembre 2019;Boyacá;Contributivo;367;;367;0;367;0;0;0;0;0
diciembre 2019;Boyacá;PPNA;0;;0;0;0;0;0;0;0;0
diciembre 2019;Boyacá;Subsidiado;4677;;0;0;4677;0;0;0;0;4677
diciembre 2019;Boyacá;Excepción;47;;0;47;47;0;0;0;0;0
diciembre 2019;Boyacá;Poblacion;0;0;0;0;15350;15350;0;0;0;0
diciembre 2019;Boyacá;Sisben II;0;;0;0;0;0;0;0;0;0
diciembre 2019;Boyacá;Sisben I;0;;0;0;0;0;0;0;0;0
diciembre 2019;Boyacá;Contributivo;945;;945;0;945;0;0;0;0;0
diciembre 2019;Boyacá;PPNA;0;;0;0;0;0;0;0;0;0
diciembre 2019;Boyacá;Subsidiado;6473;;0;0;6473;0;0;0;0;6473
diciembre 2019;Boyacá;Excepción;8;;0;8;8;0;0;0;0;0
diciembre 2019;Boyacá;Poblacion;0;0;0;0;2702;2702;0;0;0;0
diciembre 2019;Boyacá;Sisben II;0;;0;0;0;0;0;0;0;0
diciembre 2019;Boyacá;Sisben I;0;;0;0;0;0;0;0;0;0
diciembre 2019;Boyacá;Contributivo;130;;130;0;130;0;0;0;0;0
diciembre 2019;Boyacá;PPNA;0;;0;0;0;0;0;0;0;0
diciembre 2019;Boyacá;Subsidiado;2375;;0;0;2375;0;0;0;0;2375
diciembre 2019;Boyacá;Excepción;890;;0;890;890;0;0;0;0;0
diciembre 2019;Boyacá;Poblacion;0;0;0;0;56930;56930;0;0;0;0
diciembre 2019;Boyacá;Sisben II;0;;0;0;0;0;0;0;0;0
diciembre 2019;Boyacá;Sisben I;0;;0;0;0;0;0;0;0;0
diciembre 2019;Boyacá;Contributivo;19125;;19125;0;19125;0;0;0;0;0
diciembre 2019;Boyacá;PPNA;0;;0;0;0;0;0;0;0;0
diciembre 2019;Boyacá;Subsidiado;28321;;0;0;28321;0;0;0;0;28321
diciembre 2019;Boyacá;Excepción;18;;0;18;18;0;0;0;0;0
diciembre 2019;Boyacá;Poblacion;0;0;0;0;5109,000000000;5109,000000000;0;0;0;0
diciembre 2019;Boyacá;Sisben II;0;;0;0;0;0;0;0;0;0
diciembre 2019;Boyacá;Sisben I;0;;0;0;0;0;0;0;0;0
diciembre 2019;Boyacá;Contributivo;580;;580;0;580;0;0;0;0;0
diciembre 2019;Boyacá;PPNA;0;;0;0;0;0;0;0;0;0
diciembre 2019;Boyacá;Subsidiado;4784;;0;0;4784;0;0;0;0;4784
diciembre 2019;Boyacá;Excepción;63;;0;63;63;0;0;0;0;0
diciembre 2019;Boyacá;Poblacion;0;0;0;0;7353,000000000;7353,000000000;0;0;0;0
diciembre 2019;Boyacá;Sisben II;0;;0;0;0;0;0;0;0;0
diciembre 2019;Boyacá;Sisben I;0;;0;0;0;0;0;0;0;0
diciembre 2019;Boyacá;Contributivo;1673;;1673;0;1673;0;0;0;0;0
diciembre 2019;Boyacá;PPNA;0;;0;0;0;0;0;0;0;0
diciembre 2019;Boyacá;Subsidiado;4523;;0;0;4523;0;0;0;0;4523
diciembre 2019;Boyacá;Excepción;13;;0;13;13;0;0;0;0;0
diciembre 2019;Boyacá;Poblacion;0;0;0;0;2359;2359;0;0;0;0
diciembre 2019;Boyacá;Sisben II;0;;0;0;0;0;0;0;0;0
diciembre 2019;Boyacá;Sisben I;0;;0;0;0;0;0;0;0;0
diciembre 2019;Boyacá;Contributivo;154;;154;0;154;0;0;0;0;0
diciembre 2019;Boyacá;PPNA;0;;0;0;0;0;0;0;0;0
diciembre 2019;Boyacá;Subsidiado;1788;;0;0;1788;0;0;0;0;1788
diciembre 2019;Boyacá;Excepción;91;;0;91;91;0;0;0;0;0
diciembre 2019;Boyacá;Poblacion;0;0;0;0;3304;3304;0;0;0;0
diciembre 2019;Boyacá;Sisben II;0;;0;0;0;0;0;0;0;0
diciembre 2019;Boyacá;Sisben I;0;;0;0;0;0;0;0;0;0
diciembre 2019;Boyacá;Contributivo;363;;363;0;363;0;0;0;0;0
diciembre 2019;Boyacá;PPNA;0;;0;0;0;0;0;0;0;0
diciembre 2019;Boyacá;Subsidiado;2545;;0;0;2545;0;0;0;0;2545
diciembre 2019;Boyacá;Excepción;242;;0;242;242;0;0;0;0;0
diciembre 2019;Boyacá;Poblacion;0;0;0;0;31868,000000000;31868,000000000;0;0;0;0
diciembre 2019;Boyacá;Sisben II;0;;0;0;0;0;0;0;0;0
diciembre 2019;Boyacá;Sisben I;0;;0;0;0;0;0;0;0;0
diciembre 2019;Boyacá;Contributivo;17144;;17144;0;17144;0;0;0;0;0
diciembre 2019;Boyacá;PPNA;0;;0;0;0;0;0;0;0;0
diciembre 2019;Boyacá;Subsidiado;14410;;0;0;14410;0;0;0;0;14410
diciembre 2019;Boyacá;Excepción;39;;0;39;39;0;0;0;0;0
diciembre 2019;Boyacá;Poblacion;0;0;0;0;3730,000000000;3730,000000000;0;0;0;0
diciembre 2019;Boyacá;Sisben II;0;;0;0;0;0;0;0;0;0
diciembre 2019;Boyacá;Sisben I;0;;0;0;0;0;0;0;0;0
diciembre 2019;Boyacá;Contributivo;761;;761;0;761;0;0;0;0;0
diciembre 2019;Boyacá;PPNA;0;;0;0;0;0;0;0;0;0
diciembre 2019;Boyacá;Subsidiado;2003;;0;0;2003;0;0;0;0;2003
diciembre 2019;Boyacá;Excepción;13;;0;13;13;0;0;0;0;0
diciembre 2019;Boyacá;Poblacion;0;0;0;0;2751;2751;0;0;0;0
diciembre 2019;Boyacá;Sisben II;0;;0;0;0;0;0;0;0;0
diciembre 2019;Boyacá;Sisben I;0;;0;0;0;0;0;0;0;0
diciembre 2019;Boyacá;Contributivo;147;;147;0;147;0;0;0;0;0
diciembre 2019;Boyacá;PPNA;0;;0;0;0;0;0;0;0;0
diciembre 2019;Boyacá;Subsidiado;1823;;0;0;1823;0;0;0;0;1823
diciembre 2019;Boyacá;Excepción;130;;0;130;130;0;0;0;0;0
diciembre 2019;Boyacá;Poblacion;0;0;0;0;6741,000000000;6741,000000000;0;0;0;0
diciembre 2019;Boyacá;Sisben II;0;;0;0;0;0;0;0;0;0
diciembre 2019;Boyacá;Sisben I;0;;0;0;0;0;0;0;0;0
diciembre 2019;Boyacá;Contributivo;585;;585;0;585;0;0;0;0;0
diciembre 2019;Boyacá;PPNA;0;;0;0;0;0;0;0;0;0
diciembre 2019;Boyacá;Subsidiado;7475;;0;0;7475;0;0;0;0;7475
diciembre 2019;Boyacá;Excepción;22;;0;22;22;0;0;0;0;0
diciembre 2019;Boyacá;Poblacion;0;0;0;0;2969,000000000;2969,000000000;0;0;0;0
diciembre 2019;Boyacá;Sisben II;0;;0;0;0;0;0;0;0;0
diciembre 2019;Boyacá;Sisben I;0;;0;0;0;0;0;0;0;0
diciembre 2019;Boyacá;Contributivo;249;;249;0;249;0;0;0;0;0
diciembre 2019;Boyacá;PPNA;0;;0;0;0;0;0;0;0;0
diciembre 2019;Boyacá;Subsidiado;2816;;0;0;2816;0;0;0;0;2816
diciembre 2019;Boyacá;Excepción;13;;0;13;13;0;0;0;0;0
diciembre 2019;Boyacá;Poblacion;0;0;0;0;3746,000000000;3746,000000000;0;0;0;0
diciembre 2019;Boyacá;Sisben II;0;;0;0;0;0;0;0;0;0
diciembre 2019;Boyacá;Sisben I;0;;0;0;0;0;0;0;0;0
diciembre 2019;Boyacá;Contributivo;479;;479;0;479;0;0;0;0;0
diciembre 2019;Boyacá;PPNA;0;;0;0;0;0;0;0;0;0
diciembre 2019;Boyacá;Subsidiado;3525;;0;0;3525;0;0;0;0;3525
diciembre 2019;Boyacá;Excepción;14;;0;14;14;0;0;0;0;0
diciembre 2019;Boyacá;Poblacion;0;0;0;0;3894;3894;0;0;0;0
diciembre 2019;Boyacá;Sisben II;0;;0;0;0;0;0;0;0;0
diciembre 2019;Boyacá;Sisben I;0;;0;0;0;0;0;0;0;0
diciembre 2019;Boyacá;Contributivo;416;;416;0;416;0;0;0;0;0
diciembre 2019;Boyacá;PPNA;0;;0;0;0;0;0;0;0;0
diciembre 2019;Boyacá;Subsidiado;2551;;0;0;2551;0;0;0;0;2551
diciembre 2019;Boyacá;Excepción;106;;0;106;106;0;0;0;0;0
diciembre 2019;Boyacá;Poblacion;0;0;0;0;4667,000000000;4667,000000000;0;0;0;0
diciembre 2019;Boyacá;Sisben II;0;;0;0;0;0;0;0;0;0
diciembre 2019;Boyacá;Sisben I;0;;0;0;0;0;0;0;0;0
diciembre 2019;Boyacá;Contributivo;603;;603;0;603;0;0;0;0;0
diciembre 2019;Boyacá;PPNA;0;;0;0;0;0;0;0;0;0
diciembre 2019;Boyacá;Subsidiado;3234;;0;0;3234;0;0;0;0;3234
diciembre 2019;Boyacá;Excepción;137;;0;137;137;0;0;0;0;0
diciembre 2019;Boyacá;Poblacion;0;0;0;0;6442;6442;0;0;0;0
diciembre 2019;Boyacá;Sisben II;0;;0;0;0;0;0;0;0;0
diciembre 2019;Boyacá;Sisben I;0;;0;0;0;0;0;0;0;0
diciembre 2019;Boyacá;Contributivo;576;;576;0;576;0;0;0;0;0
diciembre 2019;Boyacá;PPNA;0;;0;0;0;0;0;0;0;0
diciembre 2019;Boyacá;Subsidiado;3866;;0;0;3866;0;0;0;0;3866
diciembre 2019;Boyacá;Excepción;26;;0;26;26;0;0;0;0;0
diciembre 2019;Boyacá;Poblacion;0;0;0;0;14037;14037;0;0;0;0
diciembre 2019;Boyacá;Sisben II;0;;0;0;0;0;0;0;0;0
diciembre 2019;Boyacá;Sisben I;0;;0;0;0;0;0;0;0;0
diciembre 2019;Boyacá;Contributivo;993;;993;0;993;0;0;0;0;0
diciembre 2019;Boyacá;PPNA;0;;0;0;0;0;0;0;0;0
diciembre 2019;Boyacá;Subsidiado;4060;;0;0;4060;0;0;0;0;4060
diciembre 2019;Boyacá;Excepción;6;;0;6;6;0;0;0;0;0
diciembre 2019;Boyacá;Poblacion;0;0;0;0;1846;1846;0;0;0;0
diciembre 2019;Boyacá;Sisben II;0;;0;0;0;0;0;0;0;0
diciembre 2019;Boyacá;Sisben I;0;;0;0;0;0;0;0;0;0
diciembre 2019;Boyacá;Contributivo;143;;143;0;143;0;0;0;0;0
diciembre 2019;Boyacá;PPNA;0;;0;0;0;0;0;0;0;0
diciembre 2019;Boyacá;Subsidiado;1182;;0;0;1182;0;0;0;0;1182
diciembre 2019;Boyacá;Excepción;35;;0;35;35;0;0;0;0;0
diciembre 2019;Boyacá;Poblacion;0;0;0;0;7374,000000000;7374,000000000;0;0;0;0
diciembre 2019;Boyacá;Sisben II;0;;0;0;0;0;0;0;0;0
diciembre 2019;Boyacá;Sisben I;0;;0;0;0;0;0;0;0;0
diciembre 2019;Boyacá;Contributivo;677;;677;0;677;0;0;0;0;0
diciembre 2019;Boyacá;PPNA;0;;0;0;0;0;0;0;0;0
diciembre 2019;Boyacá;Subsidiado;5313;;0;0;5313;0;0;0;0;5313
diciembre 2019;Boyacá;Excepción;20;;0;20;20;0;0;0;0;0
diciembre 2019;Boyacá;Poblacion;0;0;0;0;2552;2552;0;0;0;0
diciembre 2019;Boyacá;Sisben II;0;;0;0;0;0;0;0;0;0
diciembre 2019;Boyacá;Sisben I;0;;0;0;0;0;0;0;0;0
diciembre 2019;Boyacá;Contributivo;255;;255;0;255;0;0;0;0;0
diciembre 2019;Boyacá;PPNA;0;;0;0;0;0;0;0;0;0
diciembre 2019;Boyacá;Subsidiado;1952;;0;0;1952;0;0;0;0;1952
diciembre 2019;Boyacá;Excepción;19;;0;19;19;0;0;0;0;0
diciembre 2019;Boyacá;Poblacion;0;0;0;0;2833,000000000;2833,000000000;0;0;0;0
diciembre 2019;Boyacá;Sisben II;0;;0;0;0;0;0;0;0;0
diciembre 2019;Boyacá;Sisben I;0;;0;0;0;0;0;0;0;0
diciembre 2019;Boyacá;Contributivo;357;;357;0;357;0;0;0;0;0
diciembre 2019;Boyacá;PPNA;0;;0;0;0;0;0;0;0;0
diciembre 2019;Boyacá;Subsidiado;1466;;0;0;1466;0;0;0;0;1466
diciembre 2019;Boyacá;Excepción;98;;0;98;98;0;0;0;0;0
diciembre 2019;Boyacá;Poblacion;0;0;0;0;14469;14469;0;0;0;0
diciembre 2019;Boyacá;Sisben II;0;;0;0;0;0;0;0;0;0
diciembre 2019;Boyacá;Sisben I;0;;0;0;0;0;0;0;0;0
diciembre 2019;Boyacá;Contributivo;942;;942;0;942;0;0;0;0;0
diciembre 2019;Boyacá;PPNA;0;;0;0;0;0;0;0;0;0
diciembre 2019;Boyacá;Subsidiado;13143;;0;0;13143;0;0;0;0;13143
diciembre 2019;Boyacá;Excepción;20;;0;20;20;0;0;0;0;0
diciembre 2019;Boyacá;Poblacion;0;0;0;0;3404;3404;0;0;0;0
diciembre 2019;Boyacá;Sisben II;0;;0;0;0;0;0;0;0;0
diciembre 2019;Boyacá;Sisben I;0;;0;0;0;0;0;0;0;0
diciembre 2019;Boyacá;Contributivo;171;;171;0;171;0;0;0;0;0
diciembre 2019;Boyacá;PPNA;0;;0;0;0;0;0;0;0;0
diciembre 2019;Boyacá;Subsidiado;2081;;0;0;2081;0;0;0;0;2081
diciembre 2019;Boyacá;Excepción;21;;0;21;21;0;0;0;0;0
diciembre 2019;Boyacá;Poblacion;0;0;0;0;7705,000000000;7705,000000000;0;0;0;0
diciembre 2019;Boyacá;Sisben II;0;;0;0;0;0;0;0;0;0
diciembre 2019;Boyacá;Sisben I;0;;0;0;0;0;0;0;0;0
diciembre 2019;Boyacá;Contributivo;341;;341;0;341;0;0;0;0;0
diciembre 2019;Boyacá;PPNA;0;;0;0;0;0;0;0;0;0
diciembre 2019;Boyacá;Subsidiado;5090;;0;0;5090;0;0;0;0;5090
diciembre 2019;Boyacá;Excepción;641;;0;641;641;0;0;0;0;0
diciembre 2019;Boyacá;Poblacion;0;0;0;0;17079;17079;0;0;0;0
diciembre 2019;Boyacá;Sisben II;0;;0;0;0;0;0;0;0;0
diciembre 2019;Boyacá;Sisben I;0;;0;0;0;0;0;0;0;0
diciembre 2019;Boyacá;Contributivo;6418;;6418;0;6418;0;0;0;0;0
diciembre 2019;Boyacá;PPNA;0;;0;0;0;0;0;0;0;0
diciembre 2019;Boyacá;Subsidiado;8161;;0;0;8161;0;0;0;0;8161
diciembre 2019;Boyacá;Excepción;9;;0;9;9;0;0;0;0;0
diciembre 2019;Boyacá;Poblacion;0;0;0;0;5224,000000000;5224,000000000;0;0;0;0
diciembre 2019;Boyacá;Sisben II;0;;0;0;0;0;0;0;0;0
diciembre 2019;Boyacá;Sisben I;0;;0;0;0;0;0;0;0;0
diciembre 2019;Boyacá;Contributivo;197;;197;0;197;0;0;0;0;0
diciembre 2019;Boyacá;PPNA;0;;0;0;0;0;0;0;0;0
diciembre 2019;Boyacá;Subsidiado;4185;;0;0;4185;0;0;0;0;4185
diciembre 2019;Boyacá;Excepción;25;;0;25;25;0;0;0;0;0
diciembre 2019;Boyacá;Poblacion;0;0;0;0;4333,000000000;4333,000000000;0;0;0;0
diciembre 2019;Boyacá;Sisben II;0;;0;0;0;0;0;0;0;0
diciembre 2019;Boyacá;Sisben I;0;;0;0;0;0;0;0;0;0
diciembre 2019;Boyacá;Contributivo;385;;385;0;385;0;0;0;0;0
diciembre 2019;Boyacá;PPNA;0;;0;0;0;0;0;0;0;0
diciembre 2019;Boyacá;Subsidiado;2402;;0;0;2402;0;0;0;0;2402
diciembre 2019;Boyacá;Excepción;42;;0;42;42;0;0;0;0;0
diciembre 2019;Boyacá;Poblacion;0;0;0;0;4326;4326;0;0;0;0
diciembre 2019;Boyacá;Sisben II;0;;0;0;0;0;0;0;0;0
diciembre 2019;Boyacá;Sisben I;0;;0;0;0;0;0;0;0;0
diciembre 2019;Boyacá;Contributivo;259;;259;0;259;0;0;0;0;0
diciembre 2019;Boyacá;PPNA;0;;0;0;0;0;0;0;0;0
diciembre 2019;Boyacá;Subsidiado;3467;;0;0;3467;0;0;0;0;3467
diciembre 2019;Boyacá;Excepción;7;;0;7;7;0;0;0;0;0
diciembre 2019;Boyacá;Poblacion;0;0;0;0;1021;1021;0;0;0;0
diciembre 2019;Boyacá;Sisben II;0;;0;0;0;0;0;0;0;0
diciembre 2019;Boyacá;Sisben I;0;;0;0;0;0;0;0;0;0
diciembre 2019;Boyacá;Contributivo;213;;213;0;213;0;0;0;0;0
diciembre 2019;Boyacá;PPNA;0;;0;0;0;0;0;0;0;0
diciembre 2019;Boyacá;Subsidiado;678;;0;0;678;0;0;0;0;678
diciembre 2019;Boyacá;Excepción;3353;;0;3353;3353;0;0;0;0;0
diciembre 2019;Boyacá;Poblacion;0;0;0;0;111336;111336;0;0;0;0
diciembre 2019;Boyacá;Sisben II;0;;0;0;0;0;0;0;0;0
diciembre 2019;Boyacá;Sisben I;0;;0;0;0;0;0;0;0;0
diciembre 2019;Boyacá;Contributivo;84858;;84858;0;84858;0;0;0;0;0
diciembre 2019;Boyacá;PPNA;0;;0;0;0;0;0;0;0;0
diciembre 2019;Boyacá;Subsidiado;51087;;0;0;51087;0;0;0;0;51087
diciembre 2019;Boyacá;Excepción;197;;0;197;197;0;0;0;0;0
diciembre 2019;Boyacá;Poblacion;0;0;0;0;18606,000000000;18606,000000000;0;0;0;0
diciembre 2019;Boyacá;Sisben II;0;;0;0;0;0;0;0;0;0
diciembre 2019;Boyacá;Sisben I;0;;0;0;0;0;0;0;0;0
diciembre 2019;Boyacá;Contributivo;5688;;5688;0;5688;0;0;0;0;0
diciembre 2019;Boyacá;PPNA;0;;0;0;0;0;0;0;0;0
diciembre 2019;Boyacá;Subsidiado;7441;;0;0;7441;0;0;0;0;7441
diciembre 2019;Boyacá;Excepción;24;;0;24;24;0;0;0;0;0
diciembre 2019;Boyacá;Poblacion;0;0;0;0;2177;2177;0;0;0;0
diciembre 2019;Boyacá;Sisben II;0;;0;0;0;0;0;0;0;0
diciembre 2019;Boyacá;Sisben I;0;;0;0;0;0;0;0;0;0
diciembre 2019;Boyacá;Contributivo;284;;284;0;284;0;0;0;0;0
diciembre 2019;Boyacá;PPNA;0;;0;0;0;0;0;0;0;0
diciembre 2019;Boyacá;Subsidiado;1533;;0;0;1533;0;0;0;0;1533
diciembre 2019;Boyacá;Excepción;135;;0;135;135;0;0;0;0;0
diciembre 2019;Boyacá;Poblacion;0;0;0;0;9053,000000000;9053,000000000;0;0;0;0
diciembre 2019;Boyacá;Sisben II;0;;0;0;0;0;0;0;0;0
diciembre 2019;Boyacá;Sisben I;0;;0;0;0;0;0;0;0;0
diciembre 2019;Boyacá;Contributivo;479;;479;0;479;0;0;0;0;0
diciembre 2019;Boyacá;PPNA;0;;0;0;0;0;0;0;0;0
diciembre 2019;Boyacá;Subsidiado;6712;;0;0;6712;0;0;0;0;6712
diciembre 2019;Boyacá;Excepción;18;;0;18;18;0;0;0;0;0
diciembre 2019;Boyacá;Poblacion;0;0;0;0;5802;5802;0;0;0;0
diciembre 2019;Boyacá;Sisben II;0;;0;0;0;0;0;0;0;0
diciembre 2019;Boyacá;Sisben I;0;;0;0;0;0;0;0;0;0
diciembre 2019;Boyacá;Contributivo;612;;612;0;612;0;0;0;0;0
diciembre 2019;Boyacá;PPNA;0;;0;0;0;0;0;0;0;0
diciembre 2019;Boyacá;Subsidiado;4510;;0;0;4510;0;0;0;0;4510
diciembre 2019;Boyacá;Excepción;17;;0;17;17;0;0;0;0;0
diciembre 2019;Boyacá;Poblacion;0;0;0;0;5256,000000000;5256,000000000;0;0;0;0
diciembre 2019;Boyacá;Sisben II;0;;0;0;0;0;0;0;0;0
diciembre 2019;Boyacá;Sisben I;0;;0;0;0;0;0;0;0;0
diciembre 2019;Boyacá;Contributivo;116;;116;0;116;0;0;0;0;0
diciembre 2019;Boyacá;PPNA;0;;0;0;0;0;0;0;0;0
diciembre 2019;Boyacá;Subsidiado;4200;;0;0;4200;0;0;0;0;4200
diciembre 2019;Boyacá;Excepción;0;;0;0;0;0;0;0;0;0
diciembre 2019;Boyacá;Poblacion;0;0;0;0;5732,000000000;5732,000000000;0;0;0;0
diciembre 2019;Boyacá;Sisben II;0;;0;0;0;0;0;0;0;0
diciembre 2019;Boyacá;Sisben I;0;;0;0;0;0;0;0;0;0
diciembre 2019;Boyacá;Contributivo;1093;;1093;0;1093;0;0;0;0;0
diciembre 2019;Boyacá;PPNA;0;;0;0;0;0;0;0;0;0
diciembre 2019;Boyacá;Subsidiado;3315;;0;0;3315;0;0;0;0;3315
diciembre 2019;Boyacá;Excepción;17;;0;17;17;0;0;0;0;0
diciembre 2019;Boyacá;Poblacion;0;0;0;0;4551;4551;0;0;0;0
diciembre 2019;Boyacá;Sisben II;0;;0;0;0;0;0;0;0;0
diciembre 2019;Boyacá;Sisben I;0;;0;0;0;0;0;0;0;0
diciembre 2019;Boyacá;Contributivo;892;;892;0;892;0;0;0;0;0
diciembre 2019;Boyacá;PPNA;0;;0;0;0;0;0;0;0;0
diciembre 2019;Boyacá;Subsidiado;2947;;0;0;2947;0;0;0;0;2947
diciembre 2019;Boyacá;Excepción;63;;0;63;63;0;0;0;0;0
diciembre 2019;Boyacá;Poblacion;0;0;0;0;2173;2173;0;0;0;0
diciembre 2019;Boyacá;Sisben II;0;;0;0;0;0;0;0;0;0
diciembre 2019;Boyacá;Sisben I;0;;0;0;0;0;0;0;0;0
diciembre 2019;Boyacá;Contributivo;270;;270;0;270;0;0;0;0;0
diciembre 2019;Boyacá;PPNA;0;;0;0;0;0;0;0;0;0
diciembre 2019;Boyacá;Subsidiado;1854;;0;0;1854;0;0;0;0;1854
diciembre 2019;Boyacá;Excepción;9;;0;9;9;0;0;0;0;0
diciembre 2019;Boyacá;Poblacion;0;0;0;0;6717,000000000;6717,000000000;0;0;0;0
diciembre 2019;Boyacá;Sisben II;0;;0;0;0;0;0;0;0;0
diciembre 2019;Boyacá;Sisben I;0;;0;0;0;0;0;0;0;0
diciembre 2019;Boyacá;Contributivo;345;;345;0;345;0;0;0;0;0
diciembre 2019;Boyacá;PPNA;0;;0;0;0;0;0;0;0;0
diciembre 2019;Boyacá;Subsidiado;1719;;0;0;1719;0;0;0;0;1719
diciembre 2019;Boyacá;Excepción;27;;0;27;27;0;0;0;0;0
diciembre 2019;Boyacá;Poblacion;0;0;0;0;8973,000000000;8973,000000000;0;0;0;0
diciembre 2019;Boyacá;Sisben II;0;;0;0;0;0;0;0;0;0
diciembre 2019;Boyacá;Sisben I;0;;0;0;0;0;0;0;0;0
diciembre 2019;Boyacá;Contributivo;432;;432;0;432;0;0;0;0;0
diciembre 2019;Boyacá;PPNA;0;;0;0;0;0;0;0;0;0
diciembre 2019;Boyacá;Subsidiado;5909;;0;0;5909;0;0;0;0;5909
diciembre 2019;Boyacá;Excepción;38;;0;38;38;0;0;0;0;0
diciembre 2019;Boyacá;Poblacion;0;0;0;0;9916,000000000;9916,000000000;0;0;0;0
diciembre 2019;Boyacá;Sisben II;0;;0;0;0;0;0;0;0;0
diciembre 2019;Boyacá;Sisben I;0;;0;0;0;0;0;0;0;0
diciembre 2019;Boyacá;Contributivo;1119;;1119;0;1119;0;0;0;0;0
diciembre 2019;Boyacá;PPNA;0;;0;0;0;0;0;0;0;0
diciembre 2019;Boyacá;Subsidiado;5034;;0;0;5034;0;0;0;0;5034
diciembre 2019;Boyacá;Excepción;28;;0;28;28;0;0;0;0;0
diciembre 2019;Boyacá;Poblacion;0;0;0;0;4842,000000000;4842,000000000;0;0;0;0
diciembre 2019;Boyacá;Sisben II;0;;0;0;0;0;0;0;0;0
diciembre 2019;Boyacá;Sisben I;0;;0;0;0;0;0;0;0;0
diciembre 2019;Boyacá;Contributivo;446;;446;0;446;0;0;0;0;0
diciembre 2019;Boyacá;PPNA;0;;0;0;0;0;0;0;0;0
diciembre 2019;Boyacá;Subsidiado;2668;;0;0;2668;0;0;0;0;2668
diciembre 2019;Boyacá;Excepción;88;;0;88;88;0;0;0;0;0
diciembre 2019;Boyacá;Poblacion;0;0;0;0;2741;2741;0;0;0;0
diciembre 2019;Boyacá;Sisben II;0;;0;0;0;0;0;0;0;0
diciembre 2019;Boyacá;Sisben I;0;;0;0;0;0;0;0;0;0
diciembre 2019;Boyacá;Contributivo;307;;307;0;307;0;0;0;0;0
diciembre 2019;Boyacá;PPNA;0;;0;0;0;0;0;0;0;0
diciembre 2019;Boyacá;Subsidiado;2143;;0;0;2143;0;0;0;0;2143
diciembre 2019;Boyacá;Excepción;92;;0;92;92;0;0;0;0;0
diciembre 2019;Boyacá;Poblacion;0;0;0;0;20767,000000000;20767,000000000;0;0;0;0
diciembre 2019;Boyacá;Sisben II;0;;0;0;0;0;0;0;0;0
diciembre 2019;Boyacá;Sisben I;0;;0;0;0;0;0;0;0;0
diciembre 2019;Boyacá;Contributivo;9867;;9867;0;9867;0;0;0;0;0
diciembre 2019;Boyacá;PPNA;0;;0;0;0;0;0;0;0;0
diciembre 2019;Boyacá;Subsidiado;9969;;0;0;9969;0;0;0;0;9969
diciembre 2019;Boyacá;Excepción;6;;0;6;6;0;0;0;0;0
diciembre 2019;Boyacá;Poblacion;0;0;0;0;2440,000000000;2440,000000000;0;0;0;0
diciembre 2019;Boyacá;Sisben II;0;;0;0;0;0;0;0;0;0
diciembre 2019;Boyacá;Sisben I;0;;0;0;0;0;0;0;0;0
diciembre 2019;Boyacá;Contributivo;523;;523;0;523;0;0;0;0;0
diciembre 2019;Boyacá;PPNA;0;;0;0;0;0;0;0;0;0
diciembre 2019;Boyacá;Subsidiado;1004;;0;0;1004;0;0;0;0;1004
diciembre 2019;Boyacá;Excepción;20;;0;20;20;0;0;0;0;0
diciembre 2019;Boyacá;Poblacion;0;0;0;0;8607,000000000;8607,000000000;0;0;0;0
diciembre 2019;Boyacá;Sisben II;0;;0;0;0;0;0;0;0;0
diciembre 2019;Boyacá;Sisben I;0;;0;0;0;0;0;0;0;0
diciembre 2019;Boyacá;Contributivo;465;;465;0;465;0;0;0;0;0
diciembre 2019;Boyacá;PPNA;0;;0;0;0;0;0;0;0;0
diciembre 2019;Boyacá;Subsidiado;3947;;0;0;3947;0;0;0;0;3947
diciembre 2019;Boyacá;Excepción;48;;0;48;48;0;0;0;0;0
diciembre 2019;Boyacá;Poblacion;0;0;0;0;15827;15827;0;0;0;0
diciembre 2019;Boyacá;Sisben II;0;;0;0;0;0;0;0;0;0
diciembre 2019;Boyacá;Sisben I;0;;0;0;0;0;0;0;0;0
diciembre 2019;Boyacá;Contributivo;1714;;1714;0;1714;0;0;0;0;0
diciembre 2019;Boyacá;PPNA;0;;0;0;0;0;0;0;0;0
diciembre 2019;Boyacá;Subsidiado;10791;;0;0;10791;0;0;0;0;10791
diciembre 2019;Boyacá;Excepción;33;;0;33;33;0;0;0;0;0
diciembre 2019;Boyacá;Poblacion;0;0;0;0;1487;1487;0;0;0;0
diciembre 2019;Boyacá;Sisben II;0;;0;0;0;0;0;0;0;0
diciembre 2019;Boyacá;Sisben I;0;;0;0;0;0;0;0;0;0
diciembre 2019;Boyacá;Contributivo;302;;302;0;302;0;0;0;0;0
diciembre 2019;Boyacá;PPNA;0;;0;0;0;0;0;0;0;0
diciembre 2019;Boyacá;Subsidiado;1367;;0;0;1367;0;0;0;0;1367
diciembre 2019;Boyacá;Excepción;97;;0;97;97;0;0;0;0;0
diciembre 2019;Boyacá;Poblacion;0;0;0;0;3906;3906;0;0;0;0
diciembre 2019;Boyacá;Sisben II;0;;0;0;0;0;0;0;0;0
diciembre 2019;Boyacá;Sisben I;0;;0;0;0;0;0;0;0;0
diciembre 2019;Boyacá;Contributivo;213;;213;0;213;0;0;0;0;0
diciembre 2019;Boyacá;PPNA;0;;0;0;0;0;0;0;0;0
diciembre 2019;Boyacá;Subsidiado;2668;;0;0;2668;0;0;0;0;2668
diciembre 2019;Boyacá;Excepción;25;;0;25;25;0;0;0;0;0
diciembre 2019;Boyacá;Poblacion;0;0;0;0;5249,000000000;5249,000000000;0;0;0;0
diciembre 2019;Boyacá;Sisben II;0;;0;0;0;0;0;0;0;0
diciembre 2019;Boyacá;Sisben I;0;;0;0;0;0;0;0;0;0
diciembre 2019;Boyacá;Contributivo;481;;481;0;481;0;0;0;0;0
diciembre 2019;Boyacá;PPNA;0;;0;0;0;0;0;0;0;0
diciembre 2019;Boyacá;Subsidiado;3873;;0;0;3873;0;0;0;0;3873
diciembre 2019;Boyacá;Excepción;22;;0;22;22;0;0;0;0;0
diciembre 2019;Boyacá;Poblacion;0;0;0;0;3544,000000000;3544,000000000;0;0;0;0
diciembre 2019;Boyacá;Sisben II;0;;0;0;0;0;0;0;0;0
diciembre 2019;Boyacá;Sisben I;0;;0;0;0;0;0;0;0;0
diciembre 2019;Boyacá;Contributivo;594;;594;0;594;0;0;0;0;0
diciembre 2019;Boyacá;PPNA;0;;0;0;0;0;0;0;0;0
diciembre 2019;Boyacá;Subsidiado;2157;;0;0;2157;0;0;0;0;2157
diciembre 2019;Boyacá;Excepción;89;;0;89;89;0;0;0;0;0
diciembre 2019;Boyacá;Poblacion;0;0;0;0;10825;10825;0;0;0;0
diciembre 2019;Boyacá;Sisben II;0;;0;0;0;0;0;0;0;0
diciembre 2019;Boyacá;Sisben I;0;;0;0;0;0;0;0;0;0
diciembre 2019;Boyacá;Contributivo;447;;447;0;447;0;0;0;0;0
diciembre 2019;Boyacá;PPNA;0;;0;0;0;0;0;0;0;0
diciembre 2019;Boyacá;Subsidiado;5327;;0;0;5327;0;0;0;0;5327
diciembre 2019;Boyacá;Excepción;11;;0;11;11;0;0;0;0;0
diciembre 2019;Boyacá;Poblacion;0;0;0;0;1558;1558;0;0;0;0
diciembre 2019;Boyacá;Sisben II;0;;0;0;0;0;0;0;0;0
diciembre 2019;Boyacá;Sisben I;0;;0;0;0;0;0;0;0;0
diciembre 2019;Boyacá;Contributivo;117;;117;0;117;0;0;0;0;0
diciembre 2019;Boyacá;PPNA;0;;0;0;0;0;0;0;0;0
diciembre 2019;Boyacá;Subsidiado;1155;;0;0;1155;0;0;0;0;1155
diciembre 2019;Boyacá;Excepción;11822;;0;11822;11822;0;0;0;0;0
diciembre 2019;Boyacá;Poblacion;0;0;0;0;202995,999999999;202995,999999999;0;0;0;0
diciembre 2019;Boyacá;Sisben II;0;;0;0;0;0;0;0;0;0
diciembre 2019;Boyacá;Sisben I;0;;0;0;0;0;0;0;0;0
diciembre 2019;Boyacá;Contributivo;127727;;127727;0;127727;0;0;0;0;0
diciembre 2019;Boyacá;PPNA;0;;0;0;0;0;0;0;0;0
diciembre 2019;Boyacá;Subsidiado;52715;;0;0;52715;0;0;0;0;52715
diciembre 2019;Boyacá;Excepción;69;;0;69;69;0;0;0;0;0
diciembre 2019;Boyacá;Poblacion;0;0;0;0;12119;12119;0;0;0;0
diciembre 2019;Boyacá;Sisben II;0;;0;0;0;0;0;0;0;0
diciembre 2019;Boyacá;Sisben I;0;;0;0;0;0;0;0;0;0
diciembre 2019;Boyacá;Contributivo;581;;581;0;581;0;0;0;0;0
diciembre 2019;Boyacá;PPNA;0;;0;0;0;0;0;0;0;0
diciembre 2019;Boyacá;Subsidiado;9311;;0;0;9311;0;0;0;0;9311
diciembre 2019;Boyacá;Excepción;29;;0;29;29;0;0;0;0;0
diciembre 2019;Boyacá;Poblacion;0;0;0;0;4495;4495;0;0;0;0
diciembre 2019;Boyacá;Sisben II;0;;0;0;0;0;0;0;0;0
diciembre 2019;Boyacá;Sisben I;0;;0;0;0;0;0;0;0;0
diciembre 2019;Boyacá;Contributivo;673;;673;0;673;0;0;0;0;0
diciembre 2019;Boyacá;PPNA;0;;0;0;0;0;0;0;0;0
diciembre 2019;Boyacá;Subsidiado;2646;;0;0;2646;0;0;0;0;2646
diciembre 2019;Boyacá;Excepción;27;;0;27;27;0;0;0;0;0
diciembre 2019;Boyacá;Poblacion;0;0;0;0;1359;1359;0;0;0;0
diciembre 2019;Boyacá;Sisben II;0;;0;0;0;0;0;0;0;0
diciembre 2019;Boyacá;Sisben I;0;;0;0;0;0;0;0;0;0
diciembre 2019;Boyacá;Contributivo;137;;137;0;137;0;0;0;0;0
diciembre 2019;Boyacá;PPNA;0;;0;0;0;0;0;0;0;0
diciembre 2019;Boyacá;Subsidiado;1137;;0;0;1137;0;0;0;0;1137
diciembre 2019;Boyacá;Excepción;29;;0;29;29;0;0;0;0;0
diciembre 2019;Boyacá;Poblacion;0;0;0;0;1544;1544;0;0;0;0
diciembre 2019;Boyacá;Sisben II;0;;0;0;0;0;0;0;0;0
diciembre 2019;Boyacá;Sisben I;0;;0;0;0;0;0;0;0;0
diciembre 2019;Boyacá;Contributivo;126;;126;0;126;0;0;0;0;0
diciembre 2019;Boyacá;PPNA;0;;0;0;0;0;0;0;0;0
diciembre 2019;Boyacá;Subsidiado;1122;;0;0;1122;0;0;0;0;1122
diciembre 2019;Boyacá;Excepción;28;;0;28;28;0;0;0;0;0
diciembre 2019;Boyacá;Poblacion;0;0;0;0;3471;3471;0;0;0;0
diciembre 2019;Boyacá;Sisben II;0;;0;0;0;0;0;0;0;0
diciembre 2019;Boyacá;Sisben I;0;;0;0;0;0;0;0;0;0
diciembre 2019;Boyacá;Contributivo;132;;132;0;132;0;0;0;0;0
diciembre 2019;Boyacá;PPNA;0;;0;0;0;0;0;0;0;0
diciembre 2019;Boyacá;Subsidiado;2204;;0;0;2204;0;0;0;0;2204
diciembre 2019;Boyacá;Excepción;9;;0;9;9;0;0;0;0;0
diciembre 2019;Boyacá;Poblacion;0;0;0;0;3118;3118;0;0;0;0
diciembre 2019;Boyacá;Sisben II;0;;0;0;0;0;0;0;0;0
diciembre 2019;Boyacá;Sisben I;0;;0;0;0;0;0;0;0;0
diciembre 2019;Boyacá;Contributivo;115;;115;0;115;0;0;0;0;0
diciembre 2019;Boyacá;PPNA;0;;0;0;0;0;0;0;0;0
diciembre 2019;Boyacá;Subsidiado;2137;;0;0;2137;0;0;0;0;2137
diciembre 2019;Boyacá;Excepción;33;;0;33;33;0;0;0;0;0
diciembre 2019;Boyacá;Poblacion;0;0;0;0;14602;14602;0;0;0;0
diciembre 2019;Boyacá;Sisben II;0;;0;0;0;0;0;0;0;0
diciembre 2019;Boyacá;Sisben I;0;;0;0;0;0;0;0;0;0
diciembre 2019;Boyacá;Contributivo;1908;;1908;0;1908;0;0;0;0;0
diciembre 2019;Boyacá;PPNA;0;;0;0;0;0;0;0;0;0
diciembre 2019;Boyacá;Subsidiado;5269;;0;0;5269;0;0;0;0;5269
diciembre 2019;Boyacá;Excepción;58;;0;58;58;0;0;0;0;0
diciembre 2019;Boyacá;Poblacion;0;0;0;0;4967,000000000;4967,000000000;0;0;0;0
diciembre 2019;Boyacá;Sisben II;0;;0;0;0;0;0;0;0;0
diciembre 2019;Boyacá;Sisben I;0;;0;0;0;0;0;0;0;0
diciembre 2019;Boyacá;Contributivo;203;;203;0;203;0;0;0;0;0
diciembre 2019;Boyacá;PPNA;0;;0;0;0;0;0;0;0;0
diciembre 2019;Boyacá;Subsidiado;2656;;0;0;2656;0;0;0;0;2656
