Mes, Año de Año;Dep;Municipio;Regimen;Afiliados;Cobertura;Contributivo;Excepción & Especiales;Personas;Poblacion DANE;PPNA;Sisbén 1;Sisbén 2;Subsidiado
diciembre 2020;Boyacá;San Miguel De Sema;Sisben II;0;;0;0;0;0;0;0;0;0
diciembre 2020;Boyacá;San Miguel De Sema;Poblacion;0;0;0;0;3021,481755695;3021,481755695;0;0;0;0
diciembre 2020;Boyacá;San Miguel De Sema;PPNA;0;;0;0;0;0;0;0;0;0
diciembre 2020;Boyacá;San Miguel De Sema;Subsidiado;1744;;0;0;1744;0;0;0;0;1744
diciembre 2020;Boyacá;San Miguel De Sema;Excepción;31;;0;31;31;0;0;0;0;0
diciembre 2020;Boyacá;San Miguel De Sema;Sisben I;0;;0;0;0;0;0;0;0;0
diciembre 2020;Boyacá;San Miguel De Sema;Contributivo;446;;446;0;446;0;0;0;0;0
diciembre 2020;Boyacá;Almeida;Sisben II;0;;0;0;0;0;0;0;0;0
diciembre 2020;Boyacá;Almeida;Poblacion;0;0;0;0;1813,488351217;1813,488351217;0;0;0;0
diciembre 2020;Boyacá;Almeida;PPNA;0;;0;0;0;0;0;0;0;0
diciembre 2020;Boyacá;Almeida;Subsidiado;1155;;0;0;1155;0;0;0;0;1155
diciembre 2020;Boyacá;Almeida;Excepción;11;;0;11;11;0;0;0;0;0
diciembre 2020;Boyacá;Almeida;Sisben I;0;;0;0;0;0;0;0;0;0
diciembre 2020;Boyacá;Almeida;Contributivo;163;;163;0;163;0;0;0;0;0
diciembre 2020;Boyacá;San Mateo;Sisben II;0;;0;0;0;0;0;0;0;0
diciembre 2020;Boyacá;San Mateo;Poblacion;0;0;0;0;3141,980744690;3141,980744690;0;0;0;0
diciembre 2020;Boyacá;San Mateo;PPNA;0;;0;0;0;0;0;0;0;0
diciembre 2020;Boyacá;San Mateo;Subsidiado;2598;;0;0;2598;0;0;0;0;2598
diciembre 2020;Boyacá;San Mateo;Excepción;95;;0;95;95;0;0;0;0;0
diciembre 2020;Boyacá;San Mateo;Sisben I;0;;0;0;0;0;0;0;0;0
diciembre 2020;Boyacá;San Mateo;Contributivo;384;;384;0;384;0;0;0;0;0
diciembre 2020;Boyacá;Tununguá;Sisben II;0;;0;0;0;0;0;0;0;0
diciembre 2020;Boyacá;Tununguá;Poblacion;0;0;0;0;1581,490436266;1581,490436266;0;0;0;0
diciembre 2020;Boyacá;Tununguá;PPNA;0;;0;0;0;0;0;0;0;0
diciembre 2020;Boyacá;Tununguá;Subsidiado;1279;;0;0;1279;0;0;0;0;1279
diciembre 2020;Boyacá;Tununguá;Excepción;16;;0;16;16;0;0;0;0;0
diciembre 2020;Boyacá;Tununguá;Sisben I;0;;0;0;0;0;0;0;0;0
diciembre 2020;Boyacá;Tununguá;Contributivo;91;;91;0;91;0;0;0;0;0
diciembre 2020;Boyacá;Tibaná;Sisben II;0;;0;0;0;0;0;0;0;0
diciembre 2020;Boyacá;Tibaná;Poblacion;0;0;0;0;9151,442290699;9151,442290699;0;0;0;0
diciembre 2020;Boyacá;Tibaná;PPNA;0;;0;0;0;0;0;0;0;0
diciembre 2020;Boyacá;Tibaná;Subsidiado;6463;;0;0;6463;0;0;0;0;6463
diciembre 2020;Boyacá;Tibaná;Excepción;62;;0;62;62;0;0;0;0;0
diciembre 2020;Boyacá;Tibaná;Sisben I;0;;0;0;0;0;0;0;0;0
diciembre 2020;Boyacá;Tibaná;Contributivo;433;;433;0;433;0;0;0;0;0
diciembre 2020;Boyacá;Motavita;Sisben II;0;;0;0;0;0;0;0;0;0
diciembre 2020;Boyacá;Motavita;Poblacion;0;0;0;0;5723,463287206;5723,463287206;0;0;0;0
diciembre 2020;Boyacá;Motavita;PPNA;0;;0;0;0;0;0;0;0;0
diciembre 2020;Boyacá;Motavita;Subsidiado;3880;;0;0;3880;0;0;0;0;3880
diciembre 2020;Boyacá;Motavita;Excepción;19;;0;19;19;0;0;0;0;0
diciembre 2020;Boyacá;Motavita;Sisben I;0;;0;0;0;0;0;0;0;0
diciembre 2020;Boyacá;Motavita;Contributivo;635;;635;0;635;0;0;0;0;0
diciembre 2020;Boyacá;Soracá;Sisben II;0;;0;0;0;0;0;0;0;0
diciembre 2020;Boyacá;Soracá;Poblacion;0;0;0;0;6089,462045206;6089,462045206;0;0;0;0
diciembre 2020;Boyacá;Soracá;PPNA;0;;0;0;0;0;0;0;0;0
diciembre 2020;Boyacá;Soracá;Subsidiado;4706;;0;0;4706;0;0;0;0;4706
diciembre 2020;Boyacá;Soracá;Excepción;18;;0;18;18;0;0;0;0;0
diciembre 2020;Boyacá;Soracá;Sisben I;0;;0;0;0;0;0;0;0;0
diciembre 2020;Boyacá;Soracá;Contributivo;742;;742;0;742;0;0;0;0;0
diciembre 2020;Boyacá;Sáchica;Sisben II;0;;0;0;0;0;0;0;0;0
diciembre 2020;Boyacá;Sáchica;Poblacion;0;0;0;0;5697,463119670;5697,463119670;0;0;0;0
diciembre 2020;Boyacá;Sáchica;PPNA;0;;0;0;0;0;0;0;0;0
diciembre 2020;Boyacá;Sáchica;Subsidiado;3814;;0;0;3814;0;0;0;0;3814
diciembre 2020;Boyacá;Sáchica;Excepción;15;;0;15;15;0;0;0;0;0
diciembre 2020;Boyacá;Sáchica;Sisben I;0;;0;0;0;0;0;0;0;0
diciembre 2020;Boyacá;Sáchica;Contributivo;472;;472;0;472;0;0;0;0;0
diciembre 2020;Boyacá;Cucaita;Sisben II;0;;0;0;0;0;0;0;0;0
diciembre 2020;Boyacá;Cucaita;Poblacion;0;0;0;0;3800,476022816;3800,476022816;0;0;0;0
diciembre 2020;Boyacá;Cucaita;PPNA;0;;0;0;0;0;0;0;0;0
diciembre 2020;Boyacá;Cucaita;Subsidiado;3030;;0;0;3030;0;0;0;0;3030
diciembre 2020;Boyacá;Cucaita;Excepción;15;;0;15;15;0;0;0;0;0
diciembre 2020;Boyacá;Cucaita;Sisben I;0;;0;0;0;0;0;0;0;0
diciembre 2020;Boyacá;Cucaita;Contributivo;317;;317;0;317;0;0;0;0;0
diciembre 2020;Boyacá;Tuta;Sisben II;0;;0;0;0;0;0;0;0;0
diciembre 2020;Boyacá;Tuta;Poblacion;0;0;0;0;8491,943417145;8491,943417145;0;0;0;0
diciembre 2020;Boyacá;Tuta;PPNA;0;;0;0;0;0;0;0;0;0
diciembre 2020;Boyacá;Tuta;Subsidiado;4974;;0;0;4974;0;0;0;0;4974
diciembre 2020;Boyacá;Tuta;Excepción;36;;0;36;36;0;0;0;0;0
diciembre 2020;Boyacá;Tuta;Sisben I;0;;0;0;0;0;0;0;0;0
diciembre 2020;Boyacá;Tuta;Contributivo;1355;;1355;0;1355;0;0;0;0;0
diciembre 2020;Boyacá;San Pablo De Borbur;Sisben II;0;;0;0;0;0;0;0;0;0
diciembre 2020;Boyacá;San Pablo De Borbur;Poblacion;0;0;0;0;6739,957269894;6739,957269894;0;0;0;0
diciembre 2020;Boyacá;San Pablo De Borbur;PPNA;0;;0;0;0;0;0;0;0;0
diciembre 2020;Boyacá;San Pablo De Borbur;Subsidiado;4867;;0;0;4867;0;0;0;0;4867
diciembre 2020;Boyacá;San Pablo De Borbur;Excepción;60;;0;60;60;0;0;0;0;0
diciembre 2020;Boyacá;San Pablo De Borbur;Sisben I;0;;0;0;0;0;0;0;0;0
diciembre 2020;Boyacá;San Pablo De Borbur;Contributivo;564;;564;0;564;0;0;0;0;0
diciembre 2020;Boyacá;Socha;Sisben II;0;;0;0;0;0;0;0;0;0
diciembre 2020;Boyacá;Socha;Poblacion;0;0;0;0;8114,449950551;8114,449950551;0;0;0;0
diciembre 2020;Boyacá;Socha;PPNA;0;;0;0;0;0;0;0;0;0
diciembre 2020;Boyacá;Socha;Subsidiado;3378;;0;0;3378;0;0;0;0;3378
diciembre 2020;Boyacá;Socha;Excepción;191;;0;191;191;0;0;0;0;0
diciembre 2020;Boyacá;Socha;Sisben I;0;;0;0;0;0;0;0;0;0
diciembre 2020;Boyacá;Socha;Contributivo;4282;;4282;0;4282;0;0;0;0;0
diciembre 2020;Boyacá;Macanal;Sisben II;0;;0;0;0;0;0;0;0;0
diciembre 2020;Boyacá;Macanal;Poblacion;0;0;0;0;5089,968172789;5089,968172789;0;0;0;0
diciembre 2020;Boyacá;Macanal;PPNA;0;;0;0;0;0;0;0;0;0
diciembre 2020;Boyacá;Macanal;Subsidiado;2801;;0;0;2801;0;0;0;0;2801
diciembre 2020;Boyacá;Macanal;Excepción;28;;0;28;28;0;0;0;0;0
diciembre 2020;Boyacá;Macanal;Sisben I;0;;0;0;0;0;0;0;0;0
diciembre 2020;Boyacá;Macanal;Contributivo;351;;351;0;351;0;0;0;0;0
diciembre 2020;Boyacá;Chíquiza;Sisben II;0;;0;0;0;0;0;0;0;0
diciembre 2020;Boyacá;Chíquiza;Poblacion;0;0;0;0;4760,969649137;4760,969649137;0;0;0;0
diciembre 2020;Boyacá;Chíquiza;PPNA;0;;0;0;0;0;0;0;0;0
diciembre 2020;Boyacá;Chíquiza;Subsidiado;4099;;0;0;4099;0;0;0;0;4099
diciembre 2020;Boyacá;Chíquiza;Excepción;17;;0;17;17;0;0;0;0;0
diciembre 2020;Boyacá;Chíquiza;Sisben I;0;;0;0;0;0;0;0;0;0
diciembre 2020;Boyacá;Chíquiza;Contributivo;251;;251;0;251;0;0;0;0;0
diciembre 2020;Boyacá;Moniquirá;Sisben II;0;;0;0;0;0;0;0;0;0
diciembre 2020;Boyacá;Moniquirá;Poblacion;0;0;0;0;23117,854571737;23117,854571737;0;0;0;0
diciembre 2020;Boyacá;Moniquirá;PPNA;0;;0;0;0;0;0;0;0;0
diciembre 2020;Boyacá;Moniquirá;Subsidiado;15139;;0;0;15139;0;0;0;0;15139
diciembre 2020;Boyacá;Moniquirá;Excepción;590;;0;590;590;0;0;0;0;0
diciembre 2020;Boyacá;Moniquirá;Sisben I;0;;0;0;0;0;0;0;0;0
diciembre 2020;Boyacá;Moniquirá;Contributivo;6928;;6928;0;6928;0;0;0;0;0
diciembre 2020;Boyacá;Chiquinquirá;Sisben II;0;;0;0;0;0;0;0;0;0
diciembre 2020;Boyacá;Chiquinquirá;Poblacion;0;0;0;0;58145,118969695;58145,118969695;0;0;0;0
diciembre 2020;Boyacá;Chiquinquirá;PPNA;0;;0;0;0;0;0;0;0;0
diciembre 2020;Boyacá;Chiquinquirá;Subsidiado;30478;;0;0;30478;0;0;0;0;30478
diciembre 2020;Boyacá;Chiquinquirá;Excepción;1935;;0;1935;1935;0;0;0;0;0
diciembre 2020;Boyacá;Chiquinquirá;Sisben I;0;;0;0;0;0;0;0;0;0
diciembre 2020;Boyacá;Chiquinquirá;Contributivo;28458;;28458;0;28458;0;0;0;0;0
diciembre 2020;Boyacá;Chita;Sisben II;0;;0;0;0;0;0;0;0;0
diciembre 2020;Boyacá;Chita;Poblacion;0;0;0;0;7820,451649361;7820,451649361;0;0;0;0
diciembre 2020;Boyacá;Chita;PPNA;0;;0;0;0;0;0;0;0;0
diciembre 2020;Boyacá;Chita;Subsidiado;6732;;0;0;6732;0;0;0;0;6732
diciembre 2020;Boyacá;Chita;Excepción;141;;0;141;141;0;0;0;0;0
diciembre 2020;Boyacá;Chita;Sisben I;0;;0;0;0;0;0;0;0;0
diciembre 2020;Boyacá;Chita;Contributivo;594;;594;0;594;0;0;0;0;0
diciembre 2020;Boyacá;Rondón;Sisben II;0;;0;0;0;0;0;0;0;0
diciembre 2020;Boyacá;Rondón;Poblacion;0;0;0;0;2381,484830941;2381,484830941;0;0;0;0
diciembre 2020;Boyacá;Rondón;PPNA;0;;0;0;0;0;0;0;0;0
diciembre 2020;Boyacá;Rondón;Subsidiado;1849;;0;0;1849;0;0;0;0;1849
diciembre 2020;Boyacá;Rondón;Excepción;19;;0;19;19;0;0;0;0;0
diciembre 2020;Boyacá;Rondón;Sisben I;0;;0;0;0;0;0;0;0;0
diciembre 2020;Boyacá;Rondón;Contributivo;138;;138;0;138;0;0;0;0;0
diciembre 2020;Boyacá;Siachoque;Sisben II;0;;0;0;0;0;0;0;0;0
diciembre 2020;Boyacá;Siachoque;Poblacion;0;0;0;0;6797,957634466;6797,957634466;0;0;0;0
diciembre 2020;Boyacá;Siachoque;PPNA;0;;0;0;0;0;0;0;0;0
diciembre 2020;Boyacá;Siachoque;Subsidiado;5841;;0;0;5841;0;0;0;0;5841
diciembre 2020;Boyacá;Siachoque;Excepción;29;;0;29;29;0;0;0;0;0
diciembre 2020;Boyacá;Siachoque;Sisben I;0;;0;0;0;0;0;0;0;0
diciembre 2020;Boyacá;Siachoque;Contributivo;565;;565;0;565;0;0;0;0;0
diciembre 2020;Boyacá;Chivatá;Sisben II;0;;0;0;0;0;0;0;0;0
diciembre 2020;Boyacá;Chivatá;Poblacion;0;0;0;0;2843,982419074;2843,982419074;0;0;0;0
diciembre 2020;Boyacá;Chivatá;PPNA;0;;0;0;0;0;0;0;0;0
diciembre 2020;Boyacá;Chivatá;Subsidiado;1720;;0;0;1720;0;0;0;0;1720
diciembre 2020;Boyacá;Chivatá;Excepción;9;;0;9;9;0;0;0;0;0
diciembre 2020;Boyacá;Chivatá;Sisben I;0;;0;0;0;0;0;0;0;0
diciembre 2020;Boyacá;Chivatá;Contributivo;396;;396;0;396;0;0;0;0;0
diciembre 2020;Boyacá;Ráquira;Sisben II;0;;0;0;0;0;0;0;0;0
diciembre 2020;Boyacá;Ráquira;Poblacion;0;0;0;0;8056,449590235;8056,449590235;0;0;0;0
diciembre 2020;Boyacá;Ráquira;PPNA;0;;0;0;0;0;0;0;0;0
diciembre 2020;Boyacá;Ráquira;Subsidiado;4253;;0;0;4253;0;0;0;0;4253
diciembre 2020;Boyacá;Ráquira;Excepción;28;;0;28;28;0;0;0;0;0
diciembre 2020;Boyacá;Ráquira;Sisben I;0;;0;0;0;0;0;0;0;0
diciembre 2020;Boyacá;Ráquira;Contributivo;1049;;1049;0;1049;0;0;0;0;0
diciembre 2020;Boyacá;Caldas;Sisben II;0;;0;0;0;0;0;0;0;0
diciembre 2020;Boyacá;Caldas;Poblacion;0;0;0;0;3136,980713999;3136,980713999;0;0;0;0
diciembre 2020;Boyacá;Caldas;PPNA;0;;0;0;0;0;0;0;0;0
diciembre 2020;Boyacá;Caldas;Subsidiado;2181;;0;0;2181;0;0;0;0;2181
diciembre 2020;Boyacá;Caldas;Excepción;26;;0;26;26;0;0;0;0;0
diciembre 2020;Boyacá;Caldas;Sisben I;0;;0;0;0;0;0;0;0;0
diciembre 2020;Boyacá;Caldas;Contributivo;161;;161;0;161;0;0;0;0;0
diciembre 2020;Boyacá;Tibasosa;Sisben II;0;;0;0;0;0;0;0;0;0
diciembre 2020;Boyacá;Tibasosa;Poblacion;0;0;0;0;13444,412519705;13444,412519705;0;0;0;0
diciembre 2020;Boyacá;Tibasosa;PPNA;0;;0;0;0;0;0;0;0;0
diciembre 2020;Boyacá;Tibasosa;Subsidiado;5217;;0;0;5217;0;0;0;0;5217
diciembre 2020;Boyacá;Tibasosa;Excepción;37;;0;37;37;0;0;0;0;0
diciembre 2020;Boyacá;Tibasosa;Sisben I;0;;0;0;0;0;0;0;0;0
diciembre 2020;Boyacá;Tibasosa;Contributivo;2001;;2001;0;2001;0;0;0;0;0
diciembre 2020;Boyacá;Monguí;Sisben II;0;;0;0;0;0;0;0;0;0
diciembre 2020;Boyacá;Monguí;Poblacion;0;0;0;0;4306,973879651;4306,973879651;0;0;0;0
diciembre 2020;Boyacá;Monguí;PPNA;0;;0;0;0;0;0;0;0;0
diciembre 2020;Boyacá;Monguí;Subsidiado;2399;;0;0;2399;0;0;0;0;2399
diciembre 2020;Boyacá;Monguí;Excepción;34;;0;34;34;0;0;0;0;0
diciembre 2020;Boyacá;Monguí;Sisben I;0;;0;0;0;0;0;0;0;0
diciembre 2020;Boyacá;Monguí;Contributivo;842;;842;0;842;0;0;0;0;0
diciembre 2020;Boyacá;Campohermoso;Sisben II;0;;0;0;0;0;0;0;0;0
diciembre 2020;Boyacá;Campohermoso;Poblacion;0;0;0;0;3071,980305926;3071,980305926;0;0;0;0
diciembre 2020;Boyacá;Campohermoso;PPNA;0;;0;0;0;0;0;0;0;0
diciembre 2020;Boyacá;Campohermoso;Subsidiado;2093;;0;0;2093;0;0;0;0;2093
diciembre 2020;Boyacá;Campohermoso;Excepción;47;;0;47;47;0;0;0;0;0
diciembre 2020;Boyacá;Campohermoso;Sisben I;0;;0;0;0;0;0;0;0;0
diciembre 2020;Boyacá;Campohermoso;Contributivo;235;;235;0;235;0;0;0;0;0
diciembre 2020;Boyacá;Pauna;Sisben II;0;;0;0;0;0;0;0;0;0
diciembre 2020;Boyacá;Pauna;Poblacion;0;0;0;0;7237,455077581;7237,455077581;0;0;0;0
diciembre 2020;Boyacá;Pauna;PPNA;0;;0;0;0;0;0;0;0;0
diciembre 2020;Boyacá;Pauna;Subsidiado;5312;;0;0;5312;0;0;0;0;5312
diciembre 2020;Boyacá;Pauna;Excepción;92;;0;92;92;0;0;0;0;0
diciembre 2020;Boyacá;Pauna;Sisben I;0;;0;0;0;0;0;0;0;0
diciembre 2020;Boyacá;Pauna;Contributivo;516;;516;0;516;0;0;0;0;0
diciembre 2020;Boyacá;Ventaquemada;Sisben II;0;;0;0;0;0;0;0;0;0
diciembre 2020;Boyacá;Ventaquemada;Poblacion;0;0;0;0;16151,39405748;16151,39405748;0;0;0;0
diciembre 2020;Boyacá;Ventaquemada;PPNA;0;;0;0;0;0;0;0;0;0
diciembre 2020;Boyacá;Ventaquemada;Subsidiado;11042;;0;0;11042;0;0;0;0;11042
diciembre 2020;Boyacá;Ventaquemada;Excepción;52;;0;52;52;0;0;0;0;0
diciembre 2020;Boyacá;Ventaquemada;Sisben I;0;;0;0;0;0;0;0;0;0
diciembre 2020;Boyacá;Ventaquemada;Contributivo;1755;;1755;0;1755;0;0;0;0;0
diciembre 2020;Boyacá;Sativanorte;Sisben II;0;;0;0;0;0;0;0;0;0
diciembre 2020;Boyacá;Sativanorte;Poblacion;0;0;0;0;2160,486982141;2160,486982141;0;0;0;0
diciembre 2020;Boyacá;Sativanorte;PPNA;0;;0;0;0;0;0;0;0;0
diciembre 2020;Boyacá;Sativanorte;Subsidiado;1570;;0;0;1570;0;0;0;0;1570
diciembre 2020;Boyacá;Sativanorte;Excepción;26;;0;26;26;0;0;0;0;0
diciembre 2020;Boyacá;Sativanorte;Sisben I;0;;0;0;0;0;0;0;0;0
diciembre 2020;Boyacá;Sativanorte;Contributivo;331;;331;0;331;0;0;0;0;0
diciembre 2020;Boyacá;Mongua;Sisben II;0;;0;0;0;0;0;0;0;0
diciembre 2020;Boyacá;Mongua;Poblacion;0;0;0;0;4635,470634143;4635,470634143;0;0;0;0
diciembre 2020;Boyacá;Mongua;PPNA;0;;0;0;0;0;0;0;0;0
diciembre 2020;Boyacá;Mongua;Subsidiado;2665;;0;0;2665;0;0;0;0;2665
diciembre 2020;Boyacá;Mongua;Excepción;30;;0;30;30;0;0;0;0;0
diciembre 2020;Boyacá;Mongua;Sisben I;0;;0;0;0;0;0;0;0;0
diciembre 2020;Boyacá;Mongua;Contributivo;729;;729;0;729;0;0;0;0;0
diciembre 2020;Boyacá;Otanche;Sisben II;0;;0;0;0;0;0;0;0;0
diciembre 2020;Boyacá;Otanche;Poblacion;0;0;0;0;8032,449439617;8032,449439617;0;0;0;0
diciembre 2020;Boyacá;Otanche;PPNA;0;;0;0;0;0;0;0;0;0
diciembre 2020;Boyacá;Otanche;Subsidiado;5615;;0;0;5615;0;0;0;0;5615
diciembre 2020;Boyacá;Otanche;Excepción;113;;0;113;113;0;0;0;0;0
diciembre 2020;Boyacá;Otanche;Sisben I;0;;0;0;0;0;0;0;0;0
diciembre 2020;Boyacá;Otanche;Contributivo;1132;;1132;0;1132;0;0;0;0;0
diciembre 2020;Boyacá;Santa Rosa De Viterbo;Sisben II;0;;0;0;0;0;0;0;0;0
diciembre 2020;Boyacá;Santa Rosa De Viterbo;Poblacion;0;0;0;0;13371,917401779;13371,917401779;0;0;0;0
diciembre 2020;Boyacá;Santa Rosa De Viterbo;PPNA;0;;0;0;0;0;0;0;0;0
diciembre 2020;Boyacá;Santa Rosa De Viterbo;Subsidiado;5013;;0;0;5013;0;0;0;0;5013
diciembre 2020;Boyacá;Santa Rosa De Viterbo;Excepción;41;;0;41;41;0;0;0;0;0
diciembre 2020;Boyacá;Santa Rosa De Viterbo;Sisben I;0;;0;0;0;0;0;0;0;0
diciembre 2020;Boyacá;Santa Rosa De Viterbo;Contributivo;1612;;1612;0;1612;0;0;0;0;0
diciembre 2020;Boyacá;Zetaquira;Sisben II;0;;0;0;0;0;0;0;0;0
diciembre 2020;Boyacá;Zetaquira;Poblacion;0;0;0;0;4641,470672104;4641,470672104;0;0;0;0
diciembre 2020;Boyacá;Zetaquira;PPNA;0;;0;0;0;0;0;0;0;0
diciembre 2020;Boyacá;Zetaquira;Subsidiado;3505;;0;0;3505;0;0;0;0;3505
diciembre 2020;Boyacá;Zetaquira;Excepción;44;;0;44;44;0;0;0;0;0
diciembre 2020;Boyacá;Zetaquira;Sisben I;0;;0;0;0;0;0;0;0;0
diciembre 2020;Boyacá;Zetaquira;Contributivo;331;;331;0;331;0;0;0;0;0
diciembre 2020;Boyacá;Nobsa;Sisben II;0;;0;0;0;0;0;0;0;0
diciembre 2020;Boyacá;Nobsa;Poblacion;0;0;0;0;16505,890948386;16505,890948386;0;0;0;0
diciembre 2020;Boyacá;Nobsa;PPNA;0;;0;0;0;0;0;0;0;0
diciembre 2020;Boyacá;Nobsa;Subsidiado;5410;;0;0;5410;0;0;0;0;5410
diciembre 2020;Boyacá;Nobsa;Excepción;4;;0;4;4;0;0;0;0;0
diciembre 2020;Boyacá;Nobsa;Sisben I;0;;0;0;0;0;0;0;0;0
diciembre 2020;Boyacá;Nobsa;Contributivo;3868;;3868;0;3868;0;0;0;0;0
diciembre 2020;Boyacá;Turmequé;Sisben II;0;;0;0;0;0;0;0;0;0
diciembre 2020;Boyacá;Turmequé;Poblacion;0;0;0;0;6177,960828623;6177,960828623;0;0;0;0
diciembre 2020;Boyacá;Turmequé;PPNA;0;;0;0;0;0;0;0;0;0
diciembre 2020;Boyacá;Turmequé;Subsidiado;4694;;0;0;4694;0;0;0;0;4694
diciembre 2020;Boyacá;Turmequé;Excepción;129;;0;129;129;0;0;0;0;0
diciembre 2020;Boyacá;Turmequé;Sisben I;0;;0;0;0;0;0;0;0;0
diciembre 2020;Boyacá;Turmequé;Contributivo;529;;529;0;529;0;0;0;0;0
diciembre 2020;Boyacá;Páez;Sisben II;0;;0;0;0;0;0;0;0;0
diciembre 2020;Boyacá;Páez;Poblacion;0;0;0;0;3255,479688157;3255,479688157;0;0;0;0
diciembre 2020;Boyacá;Páez;PPNA;0;;0;0;0;0;0;0;0;0
diciembre 2020;Boyacá;Páez;Subsidiado;2131;;0;0;2131;0;0;0;0;2131
diciembre 2020;Boyacá;Páez;Excepción;88;;0;88;88;0;0;0;0;0
diciembre 2020;Boyacá;Páez;Sisben I;0;;0;0;0;0;0;0;0;0
diciembre 2020;Boyacá;Páez;Contributivo;341;;341;0;341;0;0;0;0;0
diciembre 2020;Boyacá;Buenavista;Sisben II;0;;0;0;0;0;0;0;0;0
diciembre 2020;Boyacá;Buenavista;Poblacion;0;0;0;0;4411,472769949;4411,472769949;0;0;0;0
diciembre 2020;Boyacá;Buenavista;PPNA;0;;0;0;0;0;0;0;0;0
diciembre 2020;Boyacá;Buenavista;Subsidiado;3675;;0;0;3675;0;0;0;0;3675
diciembre 2020;Boyacá;Buenavista;Excepción;32;;0;32;32;0;0;0;0;0
diciembre 2020;Boyacá;Buenavista;Sisben I;0;;0;0;0;0;0;0;0;0
diciembre 2020;Boyacá;Buenavista;Contributivo;232;;232;0;232;0;0;0;0;0
diciembre 2020;Boyacá;Nuevo Colón;Sisben II;0;;0;0;0;0;0;0;0;0
diciembre 2020;Boyacá;Nuevo Colón;Poblacion;0;0;0;0;5235,467314386;5235,467314386;0;0;0;0
diciembre 2020;Boyacá;Nuevo Colón;PPNA;0;;0;0;0;0;0;0;0;0
diciembre 2020;Boyacá;Nuevo Colón;Subsidiado;4195;;0;0;4195;0;0;0;0;4195
diciembre 2020;Boyacá;Nuevo Colón;Excepción;15;;0;15;15;0;0;0;0;0
diciembre 2020;Boyacá;Nuevo Colón;Sisben I;0;;0;0;0;0;0;0;0;0
diciembre 2020;Boyacá;Nuevo Colón;Contributivo;330;;330;0;330;0;0;0;0;0
diciembre 2020;Boyacá;Tenza;Sisben II;0;;0;0;0;0;0;0;0;0
diciembre 2020;Boyacá;Tenza;Poblacion;0;0;0;0;3834,476235420;3834,476235420;0;0;0;0
diciembre 2020;Boyacá;Tenza;PPNA;0;;0;0;0;0;0;0;0;0
diciembre 2020;Boyacá;Tenza;Subsidiado;2305;;0;0;2305;0;0;0;0;2305
diciembre 2020;Boyacá;Tenza;Excepción;19;;0;19;19;0;0;0;0;0
diciembre 2020;Boyacá;Tenza;Sisben I;0;;0;0;0;0;0;0;0;0
diciembre 2020;Boyacá;Tenza;Contributivo;527;;527;0;527;0;0;0;0;0
diciembre 2020;Boyacá;El Cocuy;Sisben II;0;;0;0;0;0;0;0;0;0
diciembre 2020;Boyacá;El Cocuy;Poblacion;0;0;0;0;4129,474542844;4129,474542844;0;0;0;0
diciembre 2020;Boyacá;El Cocuy;PPNA;0;;0;0;0;0;0;0;0;0
diciembre 2020;Boyacá;El Cocuy;Subsidiado;3268;;0;0;3268;0;0;0;0;3268
diciembre 2020;Boyacá;El Cocuy;Excepción;105;;0;105;105;0;0;0;0;0
diciembre 2020;Boyacá;El Cocuy;Sisben I;0;;0;0;0;0;0;0;0;0
diciembre 2020;Boyacá;El Cocuy;Contributivo;515;;515;0;515;0;0;0;0;0
diciembre 2020;Boyacá;Santana;Sisben II;0;;0;0;0;0;0;0;0;0
diciembre 2020;Boyacá;Santana;Poblacion;0;0;0;0;7737,451130702;7737,451130702;0;0;0;0
diciembre 2020;Boyacá;Santana;PPNA;0;;0;0;0;0;0;0;0;0
diciembre 2020;Boyacá;Santana;Subsidiado;6086;;0;0;6086;0;0;0;0;6086
diciembre 2020;Boyacá;Santana;Excepción;153;;0;153;153;0;0;0;0;0
diciembre 2020;Boyacá;Santana;Sisben I;0;;0;0;0;0;0;0;0;0
diciembre 2020;Boyacá;Santana;Contributivo;967;;967;0;967;0;0;0;0;0
diciembre 2020;Boyacá;Saboyá;Sisben II;0;;0;0;0;0;0;0;0;0
diciembre 2020;Boyacá;Saboyá;Poblacion;0;0;0;0;13897,913620396;13897,913620396;0;0;0;0
diciembre 2020;Boyacá;Saboyá;PPNA;0;;0;0;0;0;0;0;0;0
diciembre 2020;Boyacá;Saboyá;Subsidiado;9315;;0;0;9315;0;0;0;0;9315
diciembre 2020;Boyacá;Saboyá;Excepción;73;;0;73;73;0;0;0;0;0
diciembre 2020;Boyacá;Saboyá;Sisben I;0;;0;0;0;0;0;0;0;0
diciembre 2020;Boyacá;Saboyá;Contributivo;687;;687;0;687;0;0;0;0;0
diciembre 2020;Boyacá;Guacamayas;Sisben II;0;;0;0;0;0;0;0;0;0
diciembre 2020;Boyacá;Guacamayas;Poblacion;0;0;0;0;1840,488522105;1840,488522105;0;0;0;0
diciembre 2020;Boyacá;Guacamayas;PPNA;0;;0;0;0;0;0;0;0;0
diciembre 2020;Boyacá;Guacamayas;Subsidiado;1129;;0;0;1129;0;0;0;0;1129
diciembre 2020;Boyacá;Guacamayas;Excepción;30;;0;30;30;0;0;0;0;0
diciembre 2020;Boyacá;Guacamayas;Sisben I;0;;0;0;0;0;0;0;0;0
diciembre 2020;Boyacá;Guacamayas;Contributivo;155;;155;0;155;0;0;0;0;0
diciembre 2020;Boyacá;Coper;Sisben II;0;;0;0;0;0;0;0;0;0
diciembre 2020;Boyacá;Coper;Poblacion;0;0;0;0;3583,478198622;3583,478198622;0;0;0;0
diciembre 2020;Boyacá;Coper;PPNA;0;;0;0;0;0;0;0;0;0
diciembre 2020;Boyacá;Coper;Subsidiado;2464;;0;0;2464;0;0;0;0;2464
diciembre 2020;Boyacá;Coper;Excepción;34;;0;34;34;0;0;0;0;0
diciembre 2020;Boyacá;Coper;Sisben I;0;;0;0;0;0;0;0;0;0
diciembre 2020;Boyacá;Coper;Contributivo;229;;229;0;229;0;0;0;0;0
diciembre 2020;Boyacá;Tasco;Sisben II;0;;0;0;0;0;0;0;0;0
diciembre 2020;Boyacá;Tasco;Poblacion;0;0;0;0;5812,463849350;5812,463849350;0;0;0;0
diciembre 2020;Boyacá;Tasco;PPNA;0;;0;0;0;0;0;0;0;0
diciembre 2020;Boyacá;Tasco;Subsidiado;2775;;0;0;2775;0;0;0;0;2775
diciembre 2020;Boyacá;Tasco;Excepción;61;;0;61;61;0;0;0;0;0
diciembre 2020;Boyacá;Tasco;Sisben I;0;;0;0;0;0;0;0;0;0
diciembre 2020;Boyacá;Tasco;Contributivo;1947;;1947;0;1947;0;0;0;0;0
diciembre 2020;Boyacá;Sora;Sisben II;0;;0;0;0;0;0;0;0;0
diciembre 2020;Boyacá;Sora;Poblacion;0;0;0;0;3087,980407969;3087,980407969;0;0;0;0
diciembre 2020;Boyacá;Sora;PPNA;0;;0;0;0;0;0;0;0;0
diciembre 2020;Boyacá;Sora;Subsidiado;2120;;0;0;2120;0;0;0;0;2120
diciembre 2020;Boyacá;Sora;Excepción;13;;0;13;13;0;0;0;0;0
diciembre 2020;Boyacá;Sora;Sisben I;0;;0;0;0;0;0;0;0;0
diciembre 2020;Boyacá;Sora;Contributivo;207;;207;0;207;0;0;0;0;0
diciembre 2020;Boyacá;Muzo;Sisben II;0;;0;0;0;0;0;0;0;0
diciembre 2020;Boyacá;Muzo;Poblacion;0;0;0;0;8423,448343760;8423,448343760;0;0;0;0
diciembre 2020;Boyacá;Muzo;PPNA;0;;0;0;0;0;0;0;0;0
diciembre 2020;Boyacá;Muzo;Subsidiado;6051;;0;0;6051;0;0;0;0;6051
diciembre 2020;Boyacá;Muzo;Excepción;106;;0;106;106;0;0;0;0;0
diciembre 2020;Boyacá;Muzo;Sisben I;0;;0;0;0;0;0;0;0;0
diciembre 2020;Boyacá;Muzo;Contributivo;1644;;1644;0;1644;0;0;0;0;0
diciembre 2020;Boyacá;Miraflores;Sisben II;0;;0;0;0;0;0;0;0;0
diciembre 2020;Boyacá;Miraflores;Poblacion;0;0;0;0;9046,943406477;9046,943406477;0;0;0;0
diciembre 2020;Boyacá;Miraflores;PPNA;0;;0;0;0;0;0;0;0;0
diciembre 2020;Boyacá;Miraflores;Subsidiado;5157;;0;0;5157;0;0;0;0;5157
diciembre 2020;Boyacá;Miraflores;Excepción;311;;0;311;311;0;0;0;0;0
diciembre 2020;Boyacá;Miraflores;Sisben I;0;;0;0;0;0;0;0;0;0
diciembre 2020;Boyacá;Miraflores;Contributivo;2274;;2274;0;2274;0;0;0;0;0
diciembre 2020;Boyacá;Samacá;Sisben II;0;;0;0;0;0;0;0;0;0
diciembre 2020;Boyacá;Samacá;Poblacion;0;0;0;0;18886,375777263;18886,375777263;0;0;0;0
diciembre 2020;Boyacá;Samacá;PPNA;0;;0;0;0;0;0;0;0;0
diciembre 2020;Boyacá;Samacá;Subsidiado;10283;;0;0;10283;0;0;0;0;10283
diciembre 2020;Boyacá;Samacá;Excepción;92;;0;92;92;0;0;0;0;0
diciembre 2020;Boyacá;Samacá;Sisben I;0;;0;0;0;0;0;0;0;0
diciembre 2020;Boyacá;Samacá;Contributivo;10234;;10234;0;10234;0;0;0;0;0
diciembre 2020;Boyacá;Busbanzá;Sisben II;0;;0;0;0;0;0;0;0;0
diciembre 2020;Boyacá;Busbanzá;Poblacion;0;0;0;0;1156,993085545;1156,993085545;0;0;0;0
diciembre 2020;Boyacá;Busbanzá;PPNA;0;;0;0;0;0;0;0;0;0
diciembre 2020;Boyacá;Busbanzá;Subsidiado;433;;0;0;433;0;0;0;0;433
diciembre 2020;Boyacá;Busbanzá;Excepción;9;;0;9;9;0;0;0;0;0
diciembre 2020;Boyacá;Busbanzá;Sisben I;0;;0;0;0;0;0;0;0;0
diciembre 2020;Boyacá;Busbanzá;Contributivo;102;;102;0;102;0;0;0;0;0
diciembre 2020;Boyacá;Paipa;Sisben II;0;;0;0;0;0;0;0;0;0
diciembre 2020;Boyacá;Paipa;Poblacion;0;0;0;0;34804,771928573;34804,771928573;0;0;0;0
diciembre 2020;Boyacá;Paipa;PPNA;0;;0;0;0;0;0;0;0;0
diciembre 2020;Boyacá;Paipa;Subsidiado;15034;;0;0;15034;0;0;0;0;15034
diciembre 2020;Boyacá;Paipa;Excepción;261;;0;261;261;0;0;0;0;0
diciembre 2020;Boyacá;Paipa;Sisben I;0;;0;0;0;0;0;0;0;0
diciembre 2020;Boyacá;Paipa;Contributivo;17560;;17560;0;17560;0;0;0;0;0
diciembre 2020;Boyacá;Paz De Río;Sisben II;0;;0;0;0;0;0;0;0;0
diciembre 2020;Boyacá;Paz De Río;Poblacion;0;0;0;0;4212,973296853;4212,973296853;0;0;0;0
diciembre 2020;Boyacá;Paz De Río;PPNA;0;;0;0;0;0;0;0;0;0
diciembre 2020;Boyacá;Paz De Río;Subsidiado;1559;;0;0;1559;0;0;0;0;1559
diciembre 2020;Boyacá;Paz De Río;Excepción;70;;0;70;70;0;0;0;0;0
diciembre 2020;Boyacá;Paz De Río;Sisben I;0;;0;0;0;0;0;0;0;0
diciembre 2020;Boyacá;Paz De Río;Contributivo;1864;;1864;0;1864;0;0;0;0;0
diciembre 2020;Boyacá;Maripí;Sisben II;0;;0;0;0;0;0;0;0;0
diciembre 2020;Boyacá;Maripí;Poblacion;0;0;0;0;5702,964930630;5702,964930630;0;0;0;0
diciembre 2020;Boyacá;Maripí;PPNA;0;;0;0;0;0;0;0;0;0
diciembre 2020;Boyacá;Maripí;Subsidiado;4338;;0;0;4338;0;0;0;0;4338
diciembre 2020;Boyacá;Maripí;Excepción;44;;0;44;44;0;0;0;0;0
diciembre 2020;Boyacá;Maripí;Sisben I;0;;0;0;0;0;0;0;0;0
diciembre 2020;Boyacá;Maripí;Contributivo;260;;260;0;260;0;0;0;0;0
diciembre 2020;Boyacá;Somondoco;Sisben II;0;;0;0;0;0;0;0;0;0
diciembre 2020;Boyacá;Somondoco;Poblacion;0;0;0;0;2889,982698910;2889,982698910;0;0;0;0
diciembre 2020;Boyacá;Somondoco;PPNA;0;;0;0;0;0;0;0;0;0
diciembre 2020;Boyacá;Somondoco;Subsidiado;1592;;0;0;1592;0;0;0;0;1592
diciembre 2020;Boyacá;Somondoco;Excepción;30;;0;30;30;0;0;0;0;0
diciembre 2020;Boyacá;Somondoco;Sisben I;0;;0;0;0;0;0;0;0;0
diciembre 2020;Boyacá;Somondoco;Contributivo;142;;142;0;142;0;0;0;0;0
diciembre 2020;Boyacá;La Uvita;Sisben II;0;;0;0;0;0;0;0;0;0
diciembre 2020;Boyacá;La Uvita;Poblacion;0;0;0;0;2739,483527967;2739,483527967;0;0;0;0
diciembre 2020;Boyacá;La Uvita;PPNA;0;;0;0;0;0;0;0;0;0
diciembre 2020;Boyacá;La Uvita;Subsidiado;1801;;0;0;1801;0;0;0;0;1801
diciembre 2020;Boyacá;La Uvita;Excepción;63;;0;63;63;0;0;0;0;0
diciembre 2020;Boyacá;La Uvita;Sisben I;0;;0;0;0;0;0;0;0;0
diciembre 2020;Boyacá;La Uvita;Contributivo;346;;346;0;346;0;0;0;0;0
diciembre 2020;Boyacá;Úmbita;Sisben II;0;;0;0;0;0;0;0;0;0
diciembre 2020;Boyacá;Úmbita;Poblacion;0;0;0;0;7578,453668130;7578,453668130;0;0;0;0
diciembre 2020;Boyacá;Úmbita;PPNA;0;;0;0;0;0;0;0;0;0
diciembre 2020;Boyacá;Úmbita;Subsidiado;5245;;0;0;5245;0;0;0;0;5245
diciembre 2020;Boyacá;Úmbita;Excepción;99;;0;99;99;0;0;0;0;0
diciembre 2020;Boyacá;Úmbita;Sisben I;0;;0;0;0;0;0;0;0;0
diciembre 2020;Boyacá;Úmbita;Contributivo;376;;376;0;376;0;0;0;0;0
diciembre 2020;Boyacá;Corrales;Sisben II;0;;0;0;0;0;0;0;0;0
diciembre 2020;Boyacá;Corrales;Poblacion;0;0;0;0;2553,984142472;2553,984142472;0;0;0;0
diciembre 2020;Boyacá;Corrales;PPNA;0;;0;0;0;0;0;0;0;0
diciembre 2020;Boyacá;Corrales;Subsidiado;1065;;0;0;1065;0;0;0;0;1065
diciembre 2020;Boyacá;Corrales;Excepción;11;;0;11;11;0;0;0;0;0
diciembre 2020;Boyacá;Corrales;Sisben I;0;;0;0;0;0;0;0;0;0
diciembre 2020;Boyacá;Corrales;Contributivo;725;;725;0;725;0;0;0;0;0
diciembre 2020;Boyacá;Güicán;Sisben II;0;;0;0;0;0;0;0;0;0
diciembre 2020;Boyacá;Güicán;Poblacion;0;0;0;0;4315,973934120;4315,973934120;0;0;0;0
diciembre 2020;Boyacá;Güicán;PPNA;0;;0;0;0;0;0;0;0;0
diciembre 2020;Boyacá;Güicán;Subsidiado;3609;;0;0;3609;0;0;0;0;3609
diciembre 2020;Boyacá;Güicán;Excepción;157;;0;157;157;0;0;0;0;0
diciembre 2020;Boyacá;Güicán;Sisben I;0;;0;0;0;0;0;0;0;0
diciembre 2020;Boyacá;Güicán;Contributivo;490;;490;0;490;0;0;0;0;0
diciembre 2020;Boyacá;Floresta;Sisben II;0;;0;0;0;0;0;0;0;0
diciembre 2020;Boyacá;Floresta;Poblacion;0;0;0;0;3242,479606721;3242,479606721;0;0;0;0
diciembre 2020;Boyacá;Floresta;PPNA;0;;0;0;0;0;0;0;0;0
diciembre 2020;Boyacá;Floresta;Subsidiado;2418;;0;0;2418;0;0;0;0;2418
diciembre 2020;Boyacá;Floresta;Excepción;24;;0;24;24;0;0;0;0;0
diciembre 2020;Boyacá;Floresta;Sisben I;0;;0;0;0;0;0;0;0;0
diciembre 2020;Boyacá;Floresta;Contributivo;398;;398;0;398;0;0;0;0;0
diciembre 2020;Boyacá;Sutamarchán;Sisben II;0;;0;0;0;0;0;0;0;0
diciembre 2020;Boyacá;Sutamarchán;Poblacion;0;0;0;0;6250,459503109;6250,459503109;0;0;0;0
diciembre 2020;Boyacá;Sutamarchán;PPNA;0;;0;0;0;0;0;0;0;0
diciembre 2020;Boyacá;Sutamarchán;Subsidiado;4571;;0;0;4571;0;0;0;0;4571
diciembre 2020;Boyacá;Sutamarchán;Excepción;21;;0;21;21;0;0;0;0;0
diciembre 2020;Boyacá;Sutamarchán;Sisben I;0;;0;0;0;0;0;0;0;0
diciembre 2020;Boyacá;Sutamarchán;Contributivo;723;;723;0;723;0;0;0;0;0
diciembre 2020;Boyacá;Sogamoso;Sisben II;0;;0;0;0;0;0;0;0;0
diciembre 2020;Boyacá;Sogamoso;Poblacion;0;0;0;0;131581,135407018;131581,135407018;0;0;0;0
diciembre 2020;Boyacá;Sogamoso;PPNA;0;;0;0;0;0;0;0;0;0
diciembre 2020;Boyacá;Sogamoso;Subsidiado;51628;;0;0;51628;0;0;0;0;51628
diciembre 2020;Boyacá;Sogamoso;Excepción;3436;;0;3436;3436;0;0;0;0;0
diciembre 2020;Boyacá;Sogamoso;Sisben I;0;;0;0;0;0;0;0;0;0
diciembre 2020;Boyacá;Sogamoso;Contributivo;88362;;88362;0;88362;0;0;0;0;0
diciembre 2020;Boyacá;Cuítiva;Sisben II;0;;0;0;0;0;0;0;0;0
diciembre 2020;Boyacá;Cuítiva;Poblacion;0;0;0;0;1816,488370455;1816,488370455;0;0;0;0
diciembre 2020;Boyacá;Cuítiva;PPNA;0;;0;0;0;0;0;0;0;0
diciembre 2020;Boyacá;Cuítiva;Subsidiado;1223;;0;0;1223;0;0;0;0;1223
diciembre 2020;Boyacá;Cuítiva;Excepción;7;;0;7;7;0;0;0;0;0
diciembre 2020;Boyacá;Cuítiva;Sisben I;0;;0;0;0;0;0;0;0;0
diciembre 2020;Boyacá;Cuítiva;Contributivo;151;;151;0;151;0;0;0;0;0
diciembre 2020;Boyacá;Pisba;Sisben II;0;;0;0;0;0;0;0;0;0
diciembre 2020;Boyacá;Pisba;Poblacion;0;0;0;0;1799,488260590;1799,488260590;0;0;0;0
diciembre 2020;Boyacá;Pisba;PPNA;0;;0;0;0;0;0;0;0;0
diciembre 2020;Boyacá;Pisba;Subsidiado;1310;;0;0;1310;0;0;0;0;1310
diciembre 2020;Boyacá;Pisba;Excepción;30;;0;30;30;0;0;0;0;0
diciembre 2020;Boyacá;Pisba;Sisben I;0;;0;0;0;0;0;0;0;0
diciembre 2020;Boyacá;Pisba;Contributivo;139;;139;0;139;0;0;0;0;0
diciembre 2020;Boyacá;Arcabuco;Sisben II;0;;0;0;0;0;0;0;0;0
diciembre 2020;Boyacá;Arcabuco;Poblacion;0;0;0;0;5999,461475833;5999,461475833;0;0;0;0
diciembre 2020;Boyacá;Arcabuco;PPNA;0;;0;0;0;0;0;0;0;0
diciembre 2020;Boyacá;Arcabuco;Subsidiado;3899;;0;0;3899;0;0;0;0;3899
diciembre 2020;Boyacá;Arcabuco;Excepción;26;;0;26;26;0;0;0;0;0
diciembre 2020;Boyacá;Arcabuco;Sisben I;0;;0;0;0;0;0;0;0;0
diciembre 2020;Boyacá;Arcabuco;Contributivo;583;;583;0;583;0;0;0;0;0
diciembre 2020;Boyacá;Tota;Sisben II;0;;0;0;0;0;0;0;0;0
diciembre 2020;Boyacá;Tota;Poblacion;0;0;0;0;5251,467413971;5251,467413971;0;0;0;0
diciembre 2020;Boyacá;Tota;PPNA;0;;0;0;0;0;0;0;0;0
diciembre 2020;Boyacá;Tota;Subsidiado;4270;;0;0;4270;0;0;0;0;4270
diciembre 2020;Boyacá;Tota;Excepción;10;;0;10;10;0;0;0;0;0
diciembre 2020;Boyacá;Tota;Sisben I;0;;0;0;0;0;0;0;0;0
diciembre 2020;Boyacá;Tota;Contributivo;282;;282;0;282;0;0;0;0;0
diciembre 2020;Boyacá;Boavita;Sisben II;0;;0;0;0;0;0;0;0;0
diciembre 2020;Boyacá;Boavita;Poblacion;0;0;0;0;4813,969983288;4813,969983288;0;0;0;0
diciembre 2020;Boyacá;Boavita;PPNA;0;;0;0;0;0;0;0;0;0
diciembre 2020;Boyacá;Boavita;Subsidiado;3792;;0;0;3792;0;0;0;0;3792
diciembre 2020;Boyacá;Boavita;Excepción;135;;0;135;135;0;0;0;0;0
diciembre 2020;Boyacá;Boavita;Sisben I;0;;0;0;0;0;0;0;0;0
diciembre 2020;Boyacá;Boavita;Contributivo;597;;597;0;597;0;0;0;0;0
diciembre 2020;Boyacá;La Capilla;Sisben II;0;;0;0;0;0;0;0;0;0
diciembre 2020;Boyacá;La Capilla;Poblacion;0;0;0;0;2700,483290080;2700,483290080;0;0;0;0
diciembre 2020;Boyacá;La Capilla;PPNA;0;;0;0;0;0;0;0;0;0
diciembre 2020;Boyacá;La Capilla;Subsidiado;1763;;0;0;1763;0;0;0;0;1763
diciembre 2020;Boyacá;La Capilla;Excepción;14;;0;14;14;0;0;0;0;0
diciembre 2020;Boyacá;La Capilla;Sisben I;0;;0;0;0;0;0;0;0;0
diciembre 2020;Boyacá;La Capilla;Contributivo;159;;159;0;159;0;0;0;0;0
diciembre 2020;Boyacá;Sutatenza;Sisben II;0;;0;0;0;0;0;0;0;0
diciembre 2020;Boyacá;Sutatenza;Poblacion;0;0;0;0;4236,973448111;4236,973448111;0;0;0;0
diciembre 2020;Boyacá;Sutatenza;PPNA;0;;0;0;0;0;0;0;0;0
diciembre 2020;Boyacá;Sutatenza;Subsidiado;2540;;0;0;2540;0;0;0;0;2540
diciembre 2020;Boyacá;Sutatenza;Excepción;15;;0;15;15;0;0;0;0;0
diciembre 2020;Boyacá;Sutatenza;Sisben I;0;;0;0;0;0;0;0;0;0
diciembre 2020;Boyacá;Sutatenza;Contributivo;437;;437;0;437;0;0;0;0;0
diciembre 2020;Boyacá;Guateque;Sisben II;0;;0;0;0;0;0;0;0;0
diciembre 2020;Boyacá;Guateque;Poblacion;0;0;0;0;10942,432270752;10942,432270752;0;0;0;0
diciembre 2020;Boyacá;Guateque;PPNA;0;;0;0;0;0;0;0;0;0
diciembre 2020;Boyacá;Guateque;Subsidiado;4625;;0;0;4625;0;0;0;0;4625
diciembre 2020;Boyacá;Guateque;Excepción;446;;0;446;446;0;0;0;0;0
diciembre 2020;Boyacá;Guateque;Sisben I;0;;0;0;0;0;0;0;0;0
diciembre 2020;Boyacá;Guateque;Contributivo;3756;;3756;0;3756;0;0;0;0;0
diciembre 2020;Boyacá;Cerinza;Sisben II;0;;0;0;0;0;0;0;0;0
diciembre 2020;Boyacá;Cerinza;Poblacion;0;0;0;0;3718,977278769;3718,977278769;0;0;0;0
diciembre 2020;Boyacá;Cerinza;PPNA;0;;0;0;0;0;0;0;0;0
diciembre 2020;Boyacá;Cerinza;Subsidiado;2213;;0;0;2213;0;0;0;0;2213
diciembre 2020;Boyacá;Cerinza;Excepción;23;;0;23;23;0;0;0;0;0
diciembre 2020;Boyacá;Cerinza;Sisben I;0;;0;0;0;0;0;0;0;0
diciembre 2020;Boyacá;Cerinza;Contributivo;620;;620;0;620;0;0;0;0;0
diciembre 2020;Boyacá;Tutazá;Sisben II;0;;0;0;0;0;0;0;0;0
diciembre 2020;Boyacá;Tutazá;Poblacion;0;0;0;0;2045,988025380;2045,988025380;0;0;0;0
diciembre 2020;Boyacá;Tutazá;PPNA;0;;0;0;0;0;0;0;0;0
diciembre 2020;Boyacá;Tutazá;Subsidiado;1527;;0;0;1527;0;0;0;0;1527
diciembre 2020;Boyacá;Tutazá;Excepción;11;;0;11;11;0;0;0;0;0
diciembre 2020;Boyacá;Tutazá;Sisben I;0;;0;0;0;0;0;0;0;0
diciembre 2020;Boyacá;Tutazá;Contributivo;121;;121;0;121;0;0;0;0;0
diciembre 2020;Boyacá;Guayatá;Sisben II;0;;0;0;0;0;0;0;0;0
diciembre 2020;Boyacá;Guayatá;Poblacion;0;0;0;0;3402,978842132;3402,978842132;0;0;0;0
diciembre 2020;Boyacá;Guayatá;PPNA;0;;0;0;0;0;0;0;0;0
diciembre 2020;Boyacá;Guayatá;Subsidiado;2294;;0;0;2294;0;0;0;0;2294
diciembre 2020;Boyacá;Guayatá;Excepción;4;;0;4;4;0;0;0;0;0
diciembre 2020;Boyacá;Guayatá;Sisben I;0;;0;0;0;0;0;0;0;0
diciembre 2020;Boyacá;Guayatá;Contributivo;229;;229;0;229;0;0;0;0;0
diciembre 2020;Boyacá;Iza;Sisben II;0;;0;0;0;0;0;0;0;0
diciembre 2020;Boyacá;Iza;Poblacion;0;0;0;0;2002,485955007;2002,485955007;0;0;0;0
diciembre 2020;Boyacá;Iza;PPNA;0;;0;0;0;0;0;0;0;0
diciembre 2020;Boyacá;Iza;Subsidiado;1047;;0;0;1047;0;0;0;0;1047
diciembre 2020;Boyacá;Iza;Excepción;7;;0;7;7;0;0;0;0;0
diciembre 2020;Boyacá;Iza;Sisben I;0;;0;0;0;0;0;0;0;0
diciembre 2020;Boyacá;Iza;Contributivo;511;;511;0;511;0;0;0;0;0
diciembre 2020;Boyacá;Viracachá;Sisben II;0;;0;0;0;0;0;0;0;0
diciembre 2020;Boyacá;Viracachá;Poblacion;0;0;0;0;2818,982263158;2818,982263158;0;0;0;0
diciembre 2020;Boyacá;Viracachá;PPNA;0;;0;0;0;0;0;0;0;0
diciembre 2020;Boyacá;Viracachá;Subsidiado;2121;;0;0;2121;0;0;0;0;2121
diciembre 2020;Boyacá;Viracachá;Excepción;8;;0;8;8;0;0;0;0;0
diciembre 2020;Boyacá;Viracachá;Sisben I;0;;0;0;0;0;0;0;0;0
diciembre 2020;Boyacá;Viracachá;Contributivo;138;;138;0;138;0;0;0;0;0
diciembre 2020;Boyacá;La Victoria;Sisben II;0;;0;0;0;0;0;0;0;0
diciembre 2020;Boyacá;La Victoria;Poblacion;0;0;0;0;1120,992863492;1120,992863492;0;0;0;0
diciembre 2020;Boyacá;La Victoria;PPNA;0;;0;0;0;0;0;0;0;0
diciembre 2020;Boyacá;La Victoria;Subsidiado;891;;0;0;891;0;0;0;0;891
diciembre 2020;Boyacá;La Victoria;Excepción;17;;0;17;17;0;0;0;0;0
diciembre 2020;Boyacá;La Victoria;Sisben I;0;;0;0;0;0;0;0;0;0
diciembre 2020;Boyacá;La Victoria;Contributivo;117;;117;0;117;0;0;0;0;0
diciembre 2020;Boyacá;Pajarito;Sisben II;0;;0;0;0;0;0;0;0;0
diciembre 2020;Boyacá;Pajarito;Poblacion;0;0;0;0;2422,485087673;2422,485087673;0;0;0;0
diciembre 2020;Boyacá;Pajarito;PPNA;0;;0;0;0;0;0;0;0;0
diciembre 2020;Boyacá;Pajarito;Subsidiado;1368;;0;0;1368;0;0;0;0;1368
diciembre 2020;Boyacá;Pajarito;Excepción;32;;0;32;32;0;0;0;0;0
diciembre 2020;Boyacá;Pajarito;Sisben I;0;;0;0;0;0;0;0;0;0
diciembre 2020;Boyacá;Pajarito;Contributivo;338;;338;0;338;0;0;0;0;0
diciembre 2020;Boyacá;Puerto Boyacá;Sisben II;0;;0;0;0;0;0;0;0;0
diciembre 2020;Boyacá;Puerto Boyacá;Poblacion;0;0;0;0;48446,182119957;48446,182119957;0;0;0;0
diciembre 2020;Boyacá;Puerto Boyacá;PPNA;0;;0;0;0;0;0;0;0;0
diciembre 2020;Boyacá;Puerto Boyacá;Subsidiado;30120;;0;0;30120;0;0;0;0;30120
diciembre 2020;Boyacá;Puerto Boyacá;Excepción;896;;0;896;896;0;0;0;0;0
diciembre 2020;Boyacá;Puerto Boyacá;Sisben I;0;;0;0;0;0;0;0;0;0
diciembre 2020;Boyacá;Puerto Boyacá;Contributivo;18930;;18930;0;18930;0;0;0;0;0
diciembre 2020;Boyacá;Tipacoque;Sisben II;0;;0;0;0;0;0;0;0;0
diciembre 2020;Boyacá;Tipacoque;Poblacion;0;0;0;0;3301,479971164;3301,479971164;0;0;0;0
diciembre 2020;Boyacá;Tipacoque;PPNA;0;;0;0;0;0;0;0;0;0
diciembre 2020;Boyacá;Tipacoque;Subsidiado;2825;;0;0;2825;0;0;0;0;2825
diciembre 2020;Boyacá;Tipacoque;Excepción;25;;0;25;25;0;0;0;0;0
diciembre 2020;Boyacá;Tipacoque;Sisben I;0;;0;0;0;0;0;0;0;0
diciembre 2020;Boyacá;Tipacoque;Contributivo;315;;315;0;315;0;0;0;0;0
diciembre 2020;Boyacá;Aquitania;Sisben II;0;;0;0;0;0;0;0;0;0
diciembre 2020;Boyacá;Aquitania;Poblacion;0;0;0;0;15600,903050785;15600,903050785;0;0;0;0
diciembre 2020;Boyacá;Aquitania;PPNA;0;;0;0;0;0;0;0;0;0
diciembre 2020;Boyacá;Aquitania;Subsidiado;13278;;0;0;13278;0;0;0;0;13278
diciembre 2020;Boyacá;Aquitania;Excepción;102;;0;102;102;0;0;0;0;0
diciembre 2020;Boyacá;Aquitania;Sisben I;0;;0;0;0;0;0;0;0;0
diciembre 2020;Boyacá;Aquitania;Contributivo;943;;943;0;943;0;0;0;0;0
diciembre 2020;Boyacá;Chinavita;Sisben II;0;;0;0;0;0;0;0;0;0
diciembre 2020;Boyacá;Chinavita;Poblacion;0;0;0;0;3205,479371327;3205,479371327;0;0;0;0
diciembre 2020;Boyacá;Chinavita;PPNA;0;;0;0;0;0;0;0;0;0
diciembre 2020;Boyacá;Chinavita;Subsidiado;2089;;0;0;2089;0;0;0;0;2089
diciembre 2020;Boyacá;Chinavita;Excepción;19;;0;19;19;0;0;0;0;0
diciembre 2020;Boyacá;Chinavita;Sisben I;0;;0;0;0;0;0;0;0;0
diciembre 2020;Boyacá;Chinavita;Contributivo;227;;227;0;227;0;0;0;0;0
diciembre 2020;Boyacá;Socotá;Sisben II;0;;0;0;0;0;0;0;0;0
diciembre 2020;Boyacá;Socotá;Poblacion;0;0;0;0;7236,455071373;7236,455071373;0;0;0;0
diciembre 2020;Boyacá;Socotá;PPNA;0;;0;0;0;0;0;0;0;0
diciembre 2020;Boyacá;Socotá;Subsidiado;4854;;0;0;4854;0;0;0;0;4854
diciembre 2020;Boyacá;Socotá;Excepción;67;;0;67;67;0;0;0;0;0
diciembre 2020;Boyacá;Socotá;Sisben I;0;;0;0;0;0;0;0;0;0
diciembre 2020;Boyacá;Socotá;Contributivo;1831;;1831;0;1831;0;0;0;0;0
diciembre 2020;Boyacá;Labranzagrande;Sisben II;0;;0;0;0;0;0;0;0;0
diciembre 2020;Boyacá;Labranzagrande;Poblacion;0;0;0;0;3505,477713522;3505,477713522;0;0;0;0
diciembre 2020;Boyacá;Labranzagrande;PPNA;0;;0;0;0;0;0;0;0;0
diciembre 2020;Boyacá;Labranzagrande;Subsidiado;2648;;0;0;2648;0;0;0;0;2648
diciembre 2020;Boyacá;Labranzagrande;Excepción;58;;0;58;58;0;0;0;0;0
diciembre 2020;Boyacá;Labranzagrande;Sisben I;0;;0;0;0;0;0;0;0;0
diciembre 2020;Boyacá;Labranzagrande;Contributivo;288;;288;0;288;0;0;0;0;0
diciembre 2020;Boyacá;Gámeza;Sisben II;0;;0;0;0;0;0;0;0;0
diciembre 2020;Boyacá;Gámeza;Poblacion;0;0;0;0;4867,970316261;4867,970316261;0;0;0;0
diciembre 2020;Boyacá;Gámeza;PPNA;0;;0;0;0;0;0;0;0;0
diciembre 2020;Boyacá;Gámeza;Subsidiado;3047;;0;0;3047;0;0;0;0;3047
diciembre 2020;Boyacá;Gámeza;Excepción;19;;0;19;19;0;0;0;0;0
diciembre 2020;Boyacá;Gámeza;Sisben I;0;;0;0;0;0;0;0;0;0
diciembre 2020;Boyacá;Gámeza;Contributivo;928;;928;0;928;0;0;0;0;0
diciembre 2020;Boyacá;Santa María;Sisben II;0;;0;0;0;0;0;0;0;0
diciembre 2020;Boyacá;Santa María;Poblacion;0;0;0;0;3510,477745265;3510,477745265;0;0;0;0
diciembre 2020;Boyacá;Santa María;PPNA;0;;0;0;0;0;0;0;0;0
diciembre 2020;Boyacá;Santa María;Subsidiado;1988;;0;0;1988;0;0;0;0;1988
diciembre 2020;Boyacá;Santa María;Excepción;42;;0;42;42;0;0;0;0;0
diciembre 2020;Boyacá;Santa María;Sisben I;0;;0;0;0;0;0;0;0;0
diciembre 2020;Boyacá;Santa María;Contributivo;796;;796;0;796;0;0;0;0;0
diciembre 2020;Boyacá;Berbeo;Sisben II;0;;0;0;0;0;0;0;0;0
diciembre 2020;Boyacá;Berbeo;Poblacion;0;0;0;0;1587,490472412;1587,490472412;0;0;0;0
diciembre 2020;Boyacá;Berbeo;PPNA;0;;0;0;0;0;0;0;0;0
diciembre 2020;Boyacá;Berbeo;Subsidiado;1197;;0;0;1197;0;0;0;0;1197
diciembre 2020;Boyacá;Berbeo;Excepción;14;;0;14;14;0;0;0;0;0
diciembre 2020;Boyacá;Berbeo;Sisben I;0;;0;0;0;0;0;0;0;0
diciembre 2020;Boyacá;Berbeo;Contributivo;142;;142;0;142;0;0;0;0;0
diciembre 2020;Boyacá;El Espino;Sisben II;0;;0;0;0;0;0;0;0;0
diciembre 2020;Boyacá;El Espino;Poblacion;0;0;0;0;3064,980260948;3064,980260948;0;0;0;0
diciembre 2020;Boyacá;El Espino;PPNA;0;;0;0;0;0;0;0;0;0
diciembre 2020;Boyacá;El Espino;Subsidiado;1844;;0;0;1844;0;0;0;0;1844
diciembre 2020;Boyacá;El Espino;Excepción;49;;0;49;49;0;0;0;0;0
diciembre 2020;Boyacá;El Espino;Sisben I;0;;0;0;0;0;0;0;0;0
diciembre 2020;Boyacá;El Espino;Contributivo;262;;262;0;262;0;0;0;0;0
diciembre 2020;Boyacá;Pachavita;Sisben II;0;;0;0;0;0;0;0;0;0
diciembre 2020;Boyacá;Pachavita;Poblacion;0;0;0;0;2449,485252048;2449,485252048;0;0;0;0
diciembre 2020;Boyacá;Pachavita;PPNA;0;;0;0;0;0;0;0;0;0
diciembre 2020;Boyacá;Pachavita;Subsidiado;1497;;0;0;1497;0;0;0;0;1497
diciembre 2020;Boyacá;Pachavita;Excepción;9;;0;9;9;0;0;0;0;0
diciembre 2020;Boyacá;Pachavita;Sisben I;0;;0;0;0;0;0;0;0;0
diciembre 2020;Boyacá;Pachavita;Contributivo;167;;167;0;167;0;0;0;0;0
diciembre 2020;Boyacá;Covarachía;Sisben II;0;;0;0;0;0;0;0;0;0
diciembre 2020;Boyacá;Covarachía;Poblacion;0;0;0;0;2711,483357869;2711,483357869;0;0;0;0
diciembre 2020;Boyacá;Covarachía;PPNA;0;;0;0;0;0;0;0;0;0
diciembre 2020;Boyacá;Covarachía;Subsidiado;2434;;0;0;2434;0;0;0;0;2434
diciembre 2020;Boyacá;Covarachía;Excepción;8;;0;8;8;0;0;0;0;0
diciembre 2020;Boyacá;Covarachía;Sisben I;0;;0;0;0;0;0;0;0;0
diciembre 2020;Boyacá;Covarachía;Contributivo;146;;146;0;146;0;0;0;0;0
diciembre 2020;Boyacá;Oicatá;Sisben II;0;;0;0;0;0;0;0;0;0
diciembre 2020;Boyacá;Oicatá;Poblacion;0;0;0;0;2900,480994594;2900,480994594;0;0;0;0
diciembre 2020;Boyacá;Oicatá;PPNA;0;;0;0;0;0;0;0;0;0
diciembre 2020;Boyacá;Oicatá;Subsidiado;1421;;0;0;1421;0;0;0;0;1421
diciembre 2020;Boyacá;Oicatá;Excepción;18;;0;18;18;0;0;0;0;0
diciembre 2020;Boyacá;Oicatá;Sisben I;0;;0;0;0;0;0;0;0;0
diciembre 2020;Boyacá;Oicatá;Contributivo;426;;426;0;426;0;0;0;0;0
diciembre 2020;Boyacá;Pesca;Sisben II;0;;0;0;0;0;0;0;0;0
diciembre 2020;Boyacá;Pesca;Poblacion;0;0;0;0;6753,957358468;6753,957358468;0;0;0;0
diciembre 2020;Boyacá;Pesca;PPNA;0;;0;0;0;0;0;0;0;0
diciembre 2020;Boyacá;Pesca;Subsidiado;5366;;0;0;5366;0;0;0;0;5366
diciembre 2020;Boyacá;Pesca;Excepción;36;;0;36;36;0;0;0;0;0
diciembre 2020;Boyacá;Pesca;Sisben I;0;;0;0;0;0;0;0;0;0
diciembre 2020;Boyacá;Pesca;Contributivo;633;;633;0;633;0;0;0;0;0
diciembre 2020;Boyacá;Chitaraque;Sisben II;0;;0;0;0;0;0;0;0;0
diciembre 2020;Boyacá;Chitaraque;Poblacion;0;0;0;0;5885,464297742;5885,464297742;0;0;0;0
diciembre 2020;Boyacá;Chitaraque;PPNA;0;;0;0;0;0;0;0;0;0
diciembre 2020;Boyacá;Chitaraque;Subsidiado;4808;;0;0;4808;0;0;0;0;4808
diciembre 2020;Boyacá;Chitaraque;Excepción;48;;0;48;48;0;0;0;0;0
diciembre 2020;Boyacá;Chitaraque;Sisben I;0;;0;0;0;0;0;0;0;0
diciembre 2020;Boyacá;Chitaraque;Contributivo;243;;243;0;243;0;0;0;0;0
diciembre 2020;Boyacá;Duitama;Sisben II;0;;0;0;0;0;0;0;0;0
diciembre 2020;Boyacá;Duitama;Poblacion;0;0;0;0;127130,164162562;127130,164162562;0;0;0;0
diciembre 2020;Boyacá;Duitama;PPNA;0;;0;0;0;0;0;0;0;0
diciembre 2020;Boyacá;Duitama;Subsidiado;46789;;0;0;46789;0;0;0;0;46789
diciembre 2020;Boyacá;Duitama;Excepción;3611;;0;3611;3611;0;0;0;0;0
diciembre 2020;Boyacá;Duitama;Sisben I;0;;0;0;0;0;0;0;0;0
diciembre 2020;Boyacá;Duitama;Contributivo;80972;;80972;0;80972;0;0;0;0;0
diciembre 2020;Boyacá;Garagoa;Sisben II;0;;0;0;0;0;0;0;0;0
diciembre 2020;Boyacá;Garagoa;Poblacion;0;0;0;0;18388,379754617;18388,379754617;0;0;0;0
diciembre 2020;Boyacá;Garagoa;PPNA;0;;0;0;0;0;0;0;0;0
diciembre 2020;Boyacá;Garagoa;Subsidiado;8442;;0;0;8442;0;0;0;0;8442
diciembre 2020;Boyacá;Garagoa;Excepción;633;;0;633;633;0;0;0;0;0
diciembre 2020;Boyacá;Garagoa;Sisben I;0;;0;0;0;0;0;0;0;0
diciembre 2020;Boyacá;Garagoa;Contributivo;6638;;6638;0;6638;0;0;0;0;0
diciembre 2020;Boyacá;Jenesano;Sisben II;0;;0;0;0;0;0;0;0;0
diciembre 2020;Boyacá;Jenesano;Poblacion;0;0;0;0;7363,954100889;7363,954100889;0;0;0;0
diciembre 2020;Boyacá;Jenesano;PPNA;0;;0;0;0;0;0;0;0;0
diciembre 2020;Boyacá;Jenesano;Subsidiado;5026;;0;0;5026;0;0;0;0;5026
diciembre 2020;Boyacá;Jenesano;Excepción;23;;0;23;23;0;0;0;0;0
diciembre 2020;Boyacá;Jenesano;Sisben I;0;;0;0;0;0;0;0;0;0
diciembre 2020;Boyacá;Jenesano;Contributivo;447;;447;0;447;0;0;0;0;0
diciembre 2020;Boyacá;Betéitiva;Sisben II;0;;0;0;0;0;0;0;0;0
diciembre 2020;Boyacá;Betéitiva;Poblacion;0;0;0;0;1941,987384099;1941,987384099;0;0;0;0
diciembre 2020;Boyacá;Betéitiva;PPNA;0;;0;0;0;0;0;0;0;0
diciembre 2020;Boyacá;Betéitiva;Subsidiado;1044;;0;0;1044;0;0;0;0;1044
diciembre 2020;Boyacá;Betéitiva;Excepción;7;;0;7;7;0;0;0;0;0
diciembre 2020;Boyacá;Betéitiva;Sisben I;0;;0;0;0;0;0;0;0;0
diciembre 2020;Boyacá;Betéitiva;Contributivo;294;;294;0;294;0;0;0;0;0
diciembre 2020;Boyacá;Sativasur;Sisben II;0;;0;0;0;0;0;0;0;0
diciembre 2020;Boyacá;Sativasur;Poblacion;0;0;0;0;1108,992786270;1108,992786270;0;0;0;0
diciembre 2020;Boyacá;Sativasur;PPNA;0;;0;0;0;0;0;0;0;0
diciembre 2020;Boyacá;Sativasur;Subsidiado;661;;0;0;661;0;0;0;0;661
diciembre 2020;Boyacá;Sativasur;Excepción;8;;0;8;8;0;0;0;0;0
diciembre 2020;Boyacá;Sativasur;Sisben I;0;;0;0;0;0;0;0;0;0
diciembre 2020;Boyacá;Sativasur;Contributivo;244;;244;0;244;0;0;0;0;0
diciembre 2020;Boyacá;Santa Sofía;Sisben II;0;;0;0;0;0;0;0;0;0
diciembre 2020;Boyacá;Santa Sofía;Poblacion;0;0;0;0;3223,479486518;3223,479486518;0;0;0;0
diciembre 2020;Boyacá;Santa Sofía;PPNA;0;;0;0;0;0;0;0;0;0
diciembre 2020;Boyacá;Santa Sofía;Subsidiado;1980;;0;0;1980;0;0;0;0;1980
diciembre 2020;Boyacá;Santa Sofía;Excepción;20;;0;20;20;0;0;0;0;0
diciembre 2020;Boyacá;Santa Sofía;Sisben I;0;;0;0;0;0;0;0;0;0
diciembre 2020;Boyacá;Santa Sofía;Contributivo;219;;219;0;219;0;0;0;0;0
diciembre 2020;Boyacá;Tópaga;Sisben II;0;;0;0;0;0;0;0;0;0
diciembre 2020;Boyacá;Tópaga;Poblacion;0;0;0;0;3710,475441234;3710,475441234;0;0;0;0
diciembre 2020;Boyacá;Tópaga;PPNA;0;;0;0;0;0;0;0;0;0
diciembre 2020;Boyacá;Tópaga;Subsidiado;1903;;0;0;1903;0;0;0;0;1903
diciembre 2020;Boyacá;Tópaga;Excepción;22;;0;22;22;0;0;0;0;0
diciembre 2020;Boyacá;Tópaga;Sisben I;0;;0;0;0;0;0;0;0;0
diciembre 2020;Boyacá;Tópaga;Contributivo;821;;821;0;821;0;0;0;0;0
diciembre 2020;Boyacá;Firavitoba;Sisben II;0;;0;0;0;0;0;0;0;0
diciembre 2020;Boyacá;Firavitoba;Poblacion;0;0;0;0;6826,456035162;6826,456035162;0;0;0;0
diciembre 2020;Boyacá;Firavitoba;PPNA;0;;0;0;0;0;0;0;0;0
diciembre 2020;Boyacá;Firavitoba;Subsidiado;3298;;0;0;3298;0;0;0;0;3298
diciembre 2020;Boyacá;Firavitoba;Excepción;2;;0;2;2;0;0;0;0;0
diciembre 2020;Boyacá;Firavitoba;Sisben I;0;;0;0;0;0;0;0;0;0
diciembre 2020;Boyacá;Firavitoba;Contributivo;1107;;1107;0;1107;0;0;0;0;0
diciembre 2020;Boyacá;Villa De Leyva;Sisben II;0;;0;0;0;0;0;0;0;0
diciembre 2020;Boyacá;Villa De Leyva;Poblacion;0;0;0;0;17034,388982291;17034,388982291;0;0;0;0
diciembre 2020;Boyacá;Villa De Leyva;PPNA;0;;0;0;0;0;0;0;0;0
diciembre 2020;Boyacá;Villa De Leyva;Subsidiado;7975;;0;0;7975;0;0;0;0;7975
diciembre 2020;Boyacá;Villa De Leyva;Excepción;190;;0;190;190;0;0;0;0;0
diciembre 2020;Boyacá;Villa De Leyva;Sisben I;0;;0;0;0;0;0;0;0;0
diciembre 2020;Boyacá;Villa De Leyva;Contributivo;5482;;5482;0;5482;0;0;0;0;0
diciembre 2020;Boyacá;Chivor;Sisben II;0;;0;0;0;0;0;0;0;0
diciembre 2020;Boyacá;Chivor;Poblacion;0;0;0;0;2534,984023618;2534,984023618;0;0;0;0
diciembre 2020;Boyacá;Chivor;PPNA;0;;0;0;0;0;0;0;0;0
diciembre 2020;Boyacá;Chivor;Subsidiado;1522;;0;0;1522;0;0;0;0;1522
diciembre 2020;Boyacá;Chivor;Excepción;19;;0;19;19;0;0;0;0;0
diciembre 2020;Boyacá;Chivor;Sisben I;0;;0;0;0;0;0;0;0;0
diciembre 2020;Boyacá;Chivor;Contributivo;163;;163;0;163;0;0;0;0;0
diciembre 2020;Boyacá;Tinjacá;Sisben II;0;;0;0;0;0;0;0;0;0
diciembre 2020;Boyacá;Tinjacá;Poblacion;0;0;0;0;3362,978590476;3362,978590476;0;0;0;0
diciembre 2020;Boyacá;Tinjacá;PPNA;0;;0;0;0;0;0;0;0;0
diciembre 2020;Boyacá;Tinjacá;Subsidiado;1996;;0;0;1996;0;0;0;0;1996
diciembre 2020;Boyacá;Tinjacá;Excepción;17;;0;17;17;0;0;0;0;0
diciembre 2020;Boyacá;Tinjacá;Sisben I;0;;0;0;0;0;0;0;0;0
diciembre 2020;Boyacá;Tinjacá;Contributivo;270;;270;0;270;0;0;0;0;0
diciembre 2020;Boyacá;Chiscas;Sisben II;0;;0;0;0;0;0;0;0;0
diciembre 2020;Boyacá;Chiscas;Poblacion;0;0;0;0;3900,476637541;3900,476637541;0;0;0;0
diciembre 2020;Boyacá;Chiscas;PPNA;0;;0;0;0;0;0;0;0;0
diciembre 2020;Boyacá;Chiscas;Subsidiado;2669;;0;0;2669;0;0;0;0;2669
diciembre 2020;Boyacá;Chiscas;Excepción;99;;0;99;99;0;0;0;0;0
diciembre 2020;Boyacá;Chiscas;Sisben I;0;;0;0;0;0;0;0;0;0
diciembre 2020;Boyacá;Chiscas;Contributivo;254;;254;0;254;0;0;0;0;0
diciembre 2020;Boyacá;Togüí;Sisben II;0;;0;0;0;0;0;0;0;0
diciembre 2020;Boyacá;Togüí;Poblacion;0;0;0;0;4350,472388144;4350,472388144;0;0;0;0
diciembre 2020;Boyacá;Togüí;PPNA;0;;0;0;0;0;0;0;0;0
diciembre 2020;Boyacá;Togüí;Subsidiado;3743;;0;0;3743;0;0;0;0;3743
diciembre 2020;Boyacá;Togüí;Excepción;17;;0;17;17;0;0;0;0;0
diciembre 2020;Boyacá;Togüí;Sisben I;0;;0;0;0;0;0;0;0;0
diciembre 2020;Boyacá;Togüí;Contributivo;211;;211;0;211;0;0;0;0;0
diciembre 2020;Boyacá;Toca;Sisben II;0;;0;0;0;0;0;0;0;0
diciembre 2020;Boyacá;Toca;Poblacion;0;0;0;0;8924,444408477;8924,444408477;0;0;0;0
diciembre 2020;Boyacá;Toca;PPNA;0;;0;0;0;0;0;0;0;0
diciembre 2020;Boyacá;Toca;Subsidiado;6706;;0;0;6706;0;0;0;0;6706
diciembre 2020;Boyacá;Toca;Excepción;62;;0;62;62;0;0;0;0;0
diciembre 2020;Boyacá;Toca;Sisben I;0;;0;0;0;0;0;0;0;0
diciembre 2020;Boyacá;Toca;Contributivo;1843;;1843;0;1843;0;0;0;0;0
diciembre 2020;Boyacá;Boyacá;Sisben II;0;;0;0;0;0;0;0;0;0
diciembre 2020;Boyacá;Boyacá;Poblacion;0;0;0;0;5135,968457847;5135,968457847;0;0;0;0
diciembre 2020;Boyacá;Boyacá;PPNA;0;;0;0;0;0;0;0;0;0
diciembre 2020;Boyacá;Boyacá;Subsidiado;3775;;0;0;3775;0;0;0;0;3775
diciembre 2020;Boyacá;Boyacá;Excepción;26;;0;26;26;0;0;0;0;0
diciembre 2020;Boyacá;Boyacá;Sisben I;0;;0;0;0;0;0;0;0;0
diciembre 2020;Boyacá;Boyacá;Contributivo;613;;613;0;613;0;0;0;0;0
diciembre 2020;Boyacá;Briceño;Sisben II;0;;0;0;0;0;0;0;0;0
diciembre 2020;Boyacá;Briceño;Poblacion;0;0;0;0;2170,487042118;2170,487042118;0;0;0;0
diciembre 2020;Boyacá;Briceño;PPNA;0;;0;0;0;0;0;0;0;0
diciembre 2020;Boyacá;Briceño;Subsidiado;1686;;0;0;1686;0;0;0;0;1686
diciembre 2020;Boyacá;Briceño;Excepción;17;;0;17;17;0;0;0;0;0
diciembre 2020;Boyacá;Briceño;Sisben I;0;;0;0;0;0;0;0;0;0
diciembre 2020;Boyacá;Briceño;Contributivo;145;;145;0;145;0;0;0;0;0
diciembre 2020;Boyacá;Cómbita;Sisben II;0;;0;0;0;0;0;0;0;0
diciembre 2020;Boyacá;Cómbita;Poblacion;0;0;0;0;13328,411758345;13328,411758345;0;0;0;0
diciembre 2020;Boyacá;Cómbita;PPNA;0;;0;0;0;0;0;0;0;0
diciembre 2020;Boyacá;Cómbita;Subsidiado;6488;;0;0;6488;0;0;0;0;6488
diciembre 2020;Boyacá;Cómbita;Excepción;51;;0;51;51;0;0;0;0;0
diciembre 2020;Boyacá;Cómbita;Sisben I;0;;0;0;0;0;0;0;0;0
diciembre 2020;Boyacá;Cómbita;Contributivo;1037;;1037;0;1037;0;0;0;0;0
diciembre 2020;Boyacá;Jericó;Sisben II;0;;0;0;0;0;0;0;0;0
diciembre 2020;Boyacá;Jericó;Poblacion;0;0;0;0;3902,974891029;3902,974891029;0;0;0;0
diciembre 2020;Boyacá;Jericó;PPNA;0;;0;0;0;0;0;0;0;0
diciembre 2020;Boyacá;Jericó;Subsidiado;2753;;0;0;2753;0;0;0;0;2753
diciembre 2020;Boyacá;Jericó;Excepción;32;;0;32;32;0;0;0;0;0
diciembre 2020;Boyacá;Jericó;Sisben I;0;;0;0;0;0;0;0;0;0
diciembre 2020;Boyacá;Jericó;Contributivo;567;;567;0;567;0;0;0;0;0
diciembre 2020;Boyacá;Paya;Sisben II;0;;0;0;0;0;0;0;0;0
diciembre 2020;Boyacá;Paya;Poblacion;0;0;0;0;2644,482936228;2644,482936228;0;0;0;0
diciembre 2020;Boyacá;Paya;PPNA;0;;0;0;0;0;0;0;0;0
diciembre 2020;Boyacá;Paya;Subsidiado;1697;;0;0;1697;0;0;0;0;1697
diciembre 2020;Boyacá;Paya;Excepción;42;;0;42;42;0;0;0;0;0
diciembre 2020;Boyacá;Paya;Sisben I;0;;0;0;0;0;0;0;0;0
diciembre 2020;Boyacá;Paya;Contributivo;129;;129;0;129;0;0;0;0;0
diciembre 2020;Boyacá;Quípama;Sisben II;0;;0;0;0;0;0;0;0;0
diciembre 2020;Boyacá;Quípama;Poblacion;0;0;0;0;4999,469371843;4999,469371843;0;0;0;0
diciembre 2020;Boyacá;Quípama;PPNA;0;;0;0;0;0;0;0;0;0
diciembre 2020;Boyacá;Quípama;Subsidiado;3624;;0;0;3624;0;0;0;0;3624
diciembre 2020;Boyacá;Quípama;Excepción;80;;0;80;80;0;0;0;0;0
diciembre 2020;Boyacá;Quípama;Sisben I;0;;0;0;0;0;0;0;0;0
diciembre 2020;Boyacá;Quípama;Contributivo;576;;576;0;576;0;0;0;0;0
diciembre 2020;Boyacá;San José De Pare;Sisben II;0;;0;0;0;0;0;0;0;0
diciembre 2020;Boyacá;San José De Pare;Poblacion;0;0;0;0;5016,469475637;5016,469475637;0;0;0;0
diciembre 2020;Boyacá;San José De Pare;PPNA;0;;0;0;0;0;0;0;0;0
diciembre 2020;Boyacá;San José De Pare;Subsidiado;3996;;0;0;3996;0;0;0;0;3996
diciembre 2020;Boyacá;San José De Pare;Excepción;19;;0;19;19;0;0;0;0;0
diciembre 2020;Boyacá;San José De Pare;Sisben I;0;;0;0;0;0;0;0;0;0
diciembre 2020;Boyacá;San José De Pare;Contributivo;268;;268;0;268;0;0;0;0;0
diciembre 2020;Boyacá;Ciénega;Sisben II;0;;0;0;0;0;0;0;0;0
diciembre 2020;Boyacá;Ciénega;Poblacion;0;0;0;0;4671,470860446;4671,470860446;0;0;0;0
diciembre 2020;Boyacá;Ciénega;PPNA;0;;0;0;0;0;0;0;0;0
diciembre 2020;Boyacá;Ciénega;Subsidiado;3395;;0;0;3395;0;0;0;0;3395
diciembre 2020;Boyacá;Ciénega;Excepción;23;;0;23;23;0;0;0;0;0
diciembre 2020;Boyacá;Ciénega;Sisben I;0;;0;0;0;0;0;0;0;0
diciembre 2020;Boyacá;Ciénega;Contributivo;291;;291;0;291;0;0;0;0;0
diciembre 2020;Boyacá;Susacón;Sisben II;0;;0;0;0;0;0;0;0;0
diciembre 2020;Boyacá;Susacón;Poblacion;0;0;0;0;2713,483370135;2713,483370135;0;0;0;0
diciembre 2020;Boyacá;Susacón;PPNA;0;;0;0;0;0;0;0;0;0
diciembre 2020;Boyacá;Susacón;Subsidiado;1902;;0;0;1902;0;0;0;0;1902
diciembre 2020;Boyacá;Susacón;Excepción;16;;0;16;16;0;0;0;0;0
diciembre 2020;Boyacá;Susacón;Sisben I;0;;0;0;0;0;0;0;0;0
diciembre 2020;Boyacá;Susacón;Contributivo;153;;153;0;153;0;0;0;0;0
diciembre 2020;Boyacá;San Luis De Gaceno;Sisben II;0;;0;0;0;0;0;0;0;0
diciembre 2020;Boyacá;San Luis De Gaceno;Poblacion;0;0;0;0;5492,465384506;5492,465384506;0;0;0;0
diciembre 2020;Boyacá;San Luis De Gaceno;PPNA;0;;0;0;0;0;0;0;0;0
diciembre 2020;Boyacá;San Luis De Gaceno;Subsidiado;3125;;0;0;3125;0;0;0;0;3125
diciembre 2020;Boyacá;San Luis De Gaceno;Excepción;106;;0;106;106;0;0;0;0;0
diciembre 2020;Boyacá;San Luis De Gaceno;Sisben I;0;;0;0;0;0;0;0;0;0
diciembre 2020;Boyacá;San Luis De Gaceno;Contributivo;666;;666;0;666;0;0;0;0;0
diciembre 2020;Boyacá;Soatá;Sisben II;0;;0;0;0;0;0;0;0;0
diciembre 2020;Boyacá;Soatá;Poblacion;0;0;0;0;8862,945785685;8862,945785685;0;0;0;0
diciembre 2020;Boyacá;Soatá;PPNA;0;;0;0;0;0;0;0;0;0
diciembre 2020;Boyacá;Soatá;Subsidiado;5574;;0;0;5574;0;0;0;0;5574
diciembre 2020;Boyacá;Soatá;Excepción;531;;0;531;531;0;0;0;0;0
diciembre 2020;Boyacá;Soatá;Sisben I;0;;0;0;0;0;0;0;0;0
diciembre 2020;Boyacá;Soatá;Contributivo;2923;;2923;0;2923;0;0;0;0;0
diciembre 2020;Boyacá;Tunja;Sisben II;0;;0;0;0;0;0;0;0;0
diciembre 2020;Boyacá;Tunja;Poblacion;0;0;0;0;179914,316784407;179914,316784407;0;0;0;0
diciembre 2020;Boyacá;Tunja;PPNA;0;;0;0;0;0;0;0;0;0
diciembre 2020;Boyacá;Tunja;Subsidiado;55943;;0;0;55943;0;0;0;0;55943
diciembre 2020;Boyacá;Tunja;Excepción;11639;;0;11639;11639;0;0;0;0;0
diciembre 2020;Boyacá;Tunja;Sisben I;0;;0;0;0;0;0;0;0;0
diciembre 2020;Boyacá;Tunja;Contributivo;132831;;132831;0;132831;0;0;0;0;0
diciembre 2020;Boyacá;Ramiriquí;Sisben II;0;;0;0;0;0;0;0;0;0
diciembre 2020;Boyacá;Ramiriquí;Poblacion;0;0;0;0;10111,437682150;10111,437682150;0;0;0;0
diciembre 2020;Boyacá;Ramiriquí;PPNA;0;;0;0;0;0;0;0;0;0
diciembre 2020;Boyacá;Ramiriquí;Subsidiado;7254;;0;0;7254;0;0;0;0;7254
diciembre 2020;Boyacá;Ramiriquí;Excepción;153;;0;153;153;0;0;0;0;0
diciembre 2020;Boyacá;Ramiriquí;Sisben I;0;;0;0;0;0;0;0;0;0
diciembre 2020;Boyacá;Ramiriquí;Contributivo;1602;;1602;0;1602;0;0;0;0;0
diciembre 2020;Boyacá;Gachantivá;Sisben II;0;;0;0;0;0;0;0;0;0
diciembre 2020;Boyacá;Gachantivá;Poblacion;0;0;0;0;2787,982065939;2787,982065939;0;0;0;0
diciembre 2020;Boyacá;Gachantivá;PPNA;0;;0;0;0;0;0;0;0;0
diciembre 2020;Boyacá;Gachantivá;Subsidiado;2197;;0;0;2197;0;0;0;0;2197
diciembre 2020;Boyacá;Gachantivá;Excepción;13;;0;13;13;0;0;0;0;0
diciembre 2020;Boyacá;Gachantivá;Sisben I;0;;0;0;0;0;0;0;0;0
diciembre 2020;Boyacá;Gachantivá;Contributivo;223;;223;0;223;0;0;0;0;0
diciembre 2020;Boyacá;Panqueba;Sisben II;0;;0;0;0;0;0;0;0;0
diciembre 2020;Boyacá;Panqueba;Poblacion;0;0;0;0;1702,989430384;1702,989430384;0;0;0;0
diciembre 2020;Boyacá;Panqueba;PPNA;0;;0;0;0;0;0;0;0;0
diciembre 2020;Boyacá;Panqueba;Subsidiado;1262;;0;0;1262;0;0;0;0;1262
diciembre 2020;Boyacá;Panqueba;Excepción;27;;0;27;27;0;0;0;0;0
diciembre 2020;Boyacá;Panqueba;Sisben I;0;;0;0;0;0;0;0;0;0
diciembre 2020;Boyacá;Panqueba;Contributivo;163;;163;0;163;0;0;0;0;0
diciembre 2020;Boyacá;Cubará;Sisben II;0;;0;0;0;0;0;0;0;0
diciembre 2020;Boyacá;Cubará;Poblacion;0;0;0;0;10788,929511309;10788,929511309;0;0;0;0
diciembre 2020;Boyacá;Cubará;PPNA;0;;0;0;0;0;0;0;0;0
diciembre 2020;Boyacá;Cubará;Subsidiado;7646;;0;0;7646;0;0;0;0;7646
diciembre 2020;Boyacá;Cubará;Excepción;131;;0;131;131;0;0;0;0;0
diciembre 2020;Boyacá;Cubará;Sisben I;0;;0;0;0;0;0;0;0;0
diciembre 2020;Boyacá;Cubará;Contributivo;855;;855;0;855;0;0;0;0;0
diciembre 2020;Boyacá;Sotaquirá;Sisben II;0;;0;0;0;0;0;0;0;0
diciembre 2020;Boyacá;Sotaquirá;Poblacion;0;0;0;0;8334,447792146;8334,447792146;0;0;0;0
diciembre 2020;Boyacá;Sotaquirá;PPNA;0;;0;0;0;0;0;0;0;0
diciembre 2020;Boyacá;Sotaquirá;Subsidiado;4295;;0;0;4295;0;0;0;0;4295
diciembre 2020;Boyacá;Sotaquirá;Excepción;28;;0;28;28;0;0;0;0;0
diciembre 2020;Boyacá;Sotaquirá;Sisben I;0;;0;0;0;0;0;0;0;0
diciembre 2020;Boyacá;Sotaquirá;Contributivo;1417;;1417;0;1417;0;0;0;0;0
diciembre 2020;Boyacá;Belén;Sisben II;0;;0;0;0;0;0;0;0;0
diciembre 2020;Boyacá;Belén;Poblacion;0;0;0;0;7558,453545534;7558,453545534;0;0;0;0
diciembre 2020;Boyacá;Belén;PPNA;0;;0;0;0;0;0;0;0;0
diciembre 2020;Boyacá;Belén;Subsidiado;4857;;0;0;4857;0;0;0;0;4857
diciembre 2020;Boyacá;Belén;Excepción;119;;0;119;119;0;0;0;0;0
diciembre 2020;Boyacá;Belén;Sisben I;0;;0;0;0;0;0;0;0;0
diciembre 2020;Boyacá;Belén;Contributivo;1413;;1413;0;1413;0;0;0;0;0
diciembre 2020;Boyacá;San Eduardo;Sisben II;0;;0;0;0;0;0;0;0;0
diciembre 2020;Boyacá;San Eduardo;Poblacion;0;0;0;0;1665,989195643;1665,989195643;0;0;0;0
diciembre 2020;Boyacá;San Eduardo;PPNA;0;;0;0;0;0;0;0;0;0
diciembre 2020;Boyacá;San Eduardo;Subsidiado;1280;;0;0;1280;0;0;0;0;1280
diciembre 2020;Boyacá;San Eduardo;Excepción;31;;0;31;31;0;0;0;0;0
diciembre 2020;Boyacá;San Eduardo;Sisben I;0;;0;0;0;0;0;0;0;0
diciembre 2020;Boyacá;San Eduardo;Contributivo;130;;130;0;130;0;0;0;0;0
